etab_identifiant_de_l_etablissement;etab_nom_etablissement;etab_adresse_1;etab_adresse_2;etab_adresse_3;etab_code_postal;etab_nom_commune;etab_libelle_departement;etab_libelle_academie;etab_fiche_onisep;etab_type_etablissement;etab_statut_public_prive;etab_libelle_nature;etab_telephone;etab_mail;etab_web;etab_latitude;etab_longitude;course_code;course_univers;course_niveau;course_formTypeSigle;course_formTypeLib;course_formLib;course_formSigle;course_rncp;course_codeSco;course_urlOnisep;course_color
0750785W;LP Galilée;28 rue de Patay;;;75013;Paris;Paris;Paris;https://www.onisep.fr/http/redirection/etablissement/slug/ENS.10509;Lycée;Public;LYCEE PROFESSIONNEL;01 45 82 65 50;ce.0750785w@ac-paris.fr;http://lyc-galilee.ac-paris.fr;48.825315026327196;2.375166781718904;FOR.8727;cyber;4;bac pro;baccalauréat professionnel;bac pro cybersécurité, informatique et réseaux, électronique;CIEL;37489;40025519;http://www.onisep.fr/http/redirection/formation/slug/FOR.8727;#ff8f8f
0750785W;LP Galilée;28 rue de Patay;;;75013;Paris;Paris;Paris;https://www.onisep.fr/http/redirection/etablissement/slug/ENS.10509;Lycée;Public;LYCEE PROFESSIONNEL;01 45 82 65 50;ce.0750785w@ac-paris.fr;http://lyc-galilee.ac-paris.fr;48.825315026327196;2.375166781718904;FOR.5987;cyber;5;BTS;brevet de technicien supérieur;BTS services informatiques aux organisations option A : solutions d'infrastructure, systèmes et réseaux;BTS SIO SISR;35340;32032613;http://www.onisep.fr/http/redirection/formation/slug/FOR.5987;#ff3d3d
0771617P;Section d'enseignement professionnel du lycée polyvalent Clément Ader;76 rue Georges Clemenceau;;;77220;Tournan-en-Brie;Seine-et-Marne;Créteil;https://www.onisep.fr/http/redirection/etablissement/slug/ENS.14226;Lycée;Public;SECTION D ENSEIGNEMENT PROFESSIONNEL;01 64 07 20 18;ce.0772342c@ac-creteil.fr;http://www.lyceeader.eu;48.74317742111429;2.7482706204503407;FOR.8727;cyber;4;bac pro;baccalauréat professionnel;bac pro cybersécurité, informatique et réseaux, électronique;CIEL;37489;40025519;http://www.onisep.fr/http/redirection/formation/slug/FOR.8727;#ff8f8f
0921626T;Lycée professionnel industriel Claude Chappe;54-80 rue des Alouettes;;;92000;Nanterre;Hauts-de-Seine;Versailles;https://www.onisep.fr/http/redirection/etablissement/slug/ENS.15654;Lycée;Public;LYCEE PROFESSIONNEL;01 46 25 05 80;0921626t@ac-versailles.fr;http://www.lyc-claudechappe-nanterre.ac-versailles.fr;48.883562811153844;2.2114494917885015;FOR.8727;cyber;4;bac pro;baccalauréat professionnel;bac pro cybersécurité, informatique et réseaux, électronique;CIEL;37489;40025519;http://www.onisep.fr/http/redirection/formation/slug/FOR.8727;#ff8f8f
0782565P;Lycée Jules Ferry;29 rue du Maréchal Joffre;;;78000;Versailles;Yvelines;Versailles;https://www.onisep.fr/http/redirection/etablissement/slug/ENS.2517;Lycée;Public;LYCEE POLYVALENT;01 39 20 11 60;0782565p@ac-versailles.fr;http://www.lyc-ferry-versailles.ac-versailles.fr;48.79453560162573;2.1211539400128516;FOR.8727;cyber;4;bac pro;baccalauréat professionnel;bac pro cybersécurité, informatique et réseaux, électronique;CIEL;37489;40025519;http://www.onisep.fr/http/redirection/formation/slug/FOR.8727;#ff8f8f
0782565P;Lycée Jules Ferry;29 rue du Maréchal Joffre;;;78000;Versailles;Yvelines;Versailles;https://www.onisep.fr/http/redirection/etablissement/slug/ENS.2517;Lycée;Public;LYCEE POLYVALENT;01 39 20 11 60;0782565p@ac-versailles.fr;http://www.lyc-ferry-versailles.ac-versailles.fr;48.79453560162573;2.1211539400128516;FOR.8472;cyber;5;BTS;brevet de technicien supérieur;BTS cybersécurité, informatique et réseaux, électronique option A informatique et réseaux;CIEL IR;37391;32020116;http://www.onisep.fr/http/redirection/formation/slug/FOR.8472;#ff3d3d
0782565P;Lycée Jules Ferry;29 rue du Maréchal Joffre;;;78000;Versailles;Yvelines;Versailles;https://www.onisep.fr/http/redirection/etablissement/slug/ENS.2517;Lycée;Public;LYCEE POLYVALENT;01 39 20 11 60;0782565p@ac-versailles.fr;http://www.lyc-ferry-versailles.ac-versailles.fr;48.79453560162573;2.1211539400128516;FOR.8473;cyber;5;BTS;brevet de technicien supérieur;BTS cybersécurité, informatique et réseaux, électronique option B électronique et réseaux;CIEL ER;37391;32025521;http://www.onisep.fr/http/redirection/formation/slug/FOR.8473;#ff3d3d
0782602E;Lycée professionnel Jean Moulin;16-18 rue du Docteur Audigier;;;78150;Le Chesnay-Rocquencourt;Yvelines;Versailles;https://www.onisep.fr/http/redirection/etablissement/slug/ENS.9288;Lycée;Public;LYCEE POLYVALENT;01 39 23 16 80;0782602e@ac-versailles.fr;http://www.lyc-moulin-lechesnay.ac-versailles.fr/;48.826174606347394;2.1326553990732626;FOR.8727;cyber;4;bac pro;baccalauréat professionnel;bac pro cybersécurité, informatique et réseaux, électronique;CIEL;37489;40025519;http://www.onisep.fr/http/redirection/formation/slug/FOR.8727;#ff8f8f
0940823J;Lycée professionnel Robert Keller - Le Foyer de Cachan;36 avenue du Président Wilson;;;94230;Cachan;Val-de-Marne;Créteil;https://www.onisep.fr/http/redirection/etablissement/slug/ENS.9117;Lycée;Privé;LYCEE PROFESSIONNEL;01 45 46 70 01;ce.0940823J@ac-creteil.fr;https://www.lycee-robert-keller.fr/;48.79227481375514;2.3291506549534873;FOR.847;sécu;3;CAP;certificat d'aptitude professionnelle;CAP agent de sécurité;AS;18620;50034405;http://www.onisep.fr/http/redirection/formation/slug/FOR.847;#b8ffb8
0940823J;Lycée professionnel Robert Keller - Le Foyer de Cachan;36 avenue du Président Wilson;;;94230;Cachan;Val-de-Marne;Créteil;https://www.onisep.fr/http/redirection/etablissement/slug/ENS.9117;Lycée;Privé;LYCEE PROFESSIONNEL;01 45 46 70 01;ce.0940823J@ac-creteil.fr;https://www.lycee-robert-keller.fr/;48.79227481375514;2.3291506549534873;FOR.3651;sécu;4;bac pro;baccalauréat professionnel;bac pro Métiers de la sécurité;;19114;40034403;http://www.onisep.fr/http/redirection/formation/slug/FOR.3651;#8fff8f
0752845K;LP Théophile Gautier;6 bis place des Vosges;;;75004;Paris;Paris;Paris;https://www.onisep.fr/http/redirection/etablissement/slug/ENS.19395;Lycée;Public;LYCEE PROFESSIONNEL;01 48 87 72 32;ce.0752845K@ac-paris.fr;http://lyc-theophile-gautier.ac-paris.fr;48.85464084761452;2.366332571426401;FOR.847;sécu;3;CAP;certificat d'aptitude professionnelle;CAP agent de sécurité;AS;18620;50034405;http://www.onisep.fr/http/redirection/formation/slug/FOR.847;#b8ffb8
0752845K;LP Théophile Gautier;6 bis place des Vosges;;;75004;Paris;Paris;Paris;https://www.onisep.fr/http/redirection/etablissement/slug/ENS.19395;Lycée;Public;LYCEE PROFESSIONNEL;01 48 87 72 32;ce.0752845K@ac-paris.fr;http://lyc-theophile-gautier.ac-paris.fr;48.85464084761452;2.366332571426401;FOR.3651;sécu;4;bac pro;baccalauréat professionnel;bac pro Métiers de la sécurité;;19114;40034403;http://www.onisep.fr/http/redirection/formation/slug/FOR.3651;#8fff8f
0752845K;LP Théophile Gautier;6 bis place des Vosges;;;75004;Paris;Paris;Paris;https://www.onisep.fr/http/redirection/etablissement/slug/ENS.19395;Lycée;Public;LYCEE PROFESSIONNEL;01 48 87 72 32;ce.0752845K@ac-paris.fr;http://lyc-theophile-gautier.ac-paris.fr;48.85464084761452;2.366332571426401;FOR.3732;sécu;5;BTS;brevet de technicien supérieur;BTS Management opérationnel de la sécurité;MOS;35393;32034401;http://www.onisep.fr/http/redirection/formation/slug/FOR.3732;#3dff3d
0781984H;Lycée Jacques Vaucanson;14 rue Albert Thomas;;;78130;Les Mureaux;Yvelines;Versailles;https://www.onisep.fr/http/redirection/etablissement/slug/ENS.2620;Lycée;Public;LYCEE POLYVALENT;01 30 99 94 10;0781984H@ac-versailles.fr;http://www.lyc-vaucanson-lesmureaux.ac-versailles.fr/;48.98192875533414;1.9234274886637195;FOR.8727;cyber;4;bac pro;baccalauréat professionnel;bac pro cybersécurité, informatique et réseaux, électronique;CIEL;37489;40025519;http://www.onisep.fr/http/redirection/formation/slug/FOR.8727;#ff8f8f
0772337X;Section d'enseignement professionnel du lycée de la Mare Carrée;Rue de la Mare Carrée;BP 70;;77550;Moissy-Cramayel;Seine-et-Marne;Créteil;https://www.onisep.fr/http/redirection/etablissement/slug/ENS.11190;Lycée;Public;SECTION D ENSEIGNEMENT PROFESSIONNEL;01 64 13 44 22;ce.0772296c@ac-creteil.fr;http://www.lamarecarree.fr;48.63054297065947;2.5886959422543927;FOR.8727;cyber;4;bac pro;baccalauréat professionnel;bac pro cybersécurité, informatique et réseaux, électronique;CIEL;37489;40025519;http://www.onisep.fr/http/redirection/formation/slug/FOR.8727;#ff8f8f
0931388D;Lycée polyvalent d'application de l'ENNA;Place du 8 mai 1945;BP 85;;93200;Saint-Denis;Seine-Saint-Denis;Créteil;https://www.onisep.fr/http/redirection/etablissement/slug/ENS.8352;Lycée;Public;SECTION D ENSEIGNEMENT PROFESSIONNEL;01 49 71 87 00;ce.0932129j@ac-creteil.fr;http://lyceedelenna.fr/;48.93966067568656;2.354911166718726;FOR.8727;cyber;4;bac pro;baccalauréat professionnel;bac pro cybersécurité, informatique et réseaux, électronique;CIEL;37489;40025519;http://www.onisep.fr/http/redirection/formation/slug/FOR.8727;#ff8f8f
0910755B;Lycée professionnel Nadar;42 bis rue Charles Mory;;;91210;Draveil;Essonne;Versailles;https://www.onisep.fr/http/redirection/etablissement/slug/ENS.6930;Lycée;Public;LYCEE POLYVALENT;01 69 40 38 10;0910755b@ac-versailles.fr;http://www.lyc-nadar-draveil.ac-versailles.fr;48.68169682267596;2.433930396204496;FOR.847;sécu;3;CAP;certificat d'aptitude professionnelle;CAP agent de sécurité;AS;18620;50034405;http://www.onisep.fr/http/redirection/formation/slug/FOR.847;#b8ffb8
0910755B;Lycée professionnel Nadar;42 bis rue Charles Mory;;;91210;Draveil;Essonne;Versailles;https://www.onisep.fr/http/redirection/etablissement/slug/ENS.6930;Lycée;Public;LYCEE POLYVALENT;01 69 40 38 10;0910755b@ac-versailles.fr;http://www.lyc-nadar-draveil.ac-versailles.fr;48.68169682267596;2.433930396204496;FOR.3651;sécu;4;bac pro;baccalauréat professionnel;bac pro Métiers de la sécurité;;19114;40034403;http://www.onisep.fr/http/redirection/formation/slug/FOR.3651;#8fff8f
0772629P;Section d'enseignement professionnel du lycée polyvalent Saint Aspais;36 rue Saint-Barthélemy;CS 20179;;77007;Melun;Seine-et-Marne;Créteil;https://www.onisep.fr/http/redirection/etablissement/slug/ENS.15829;Lycée;Privé;SECTION D ENSEIGNEMENT PROFESSIONNEL;01 60 56 59 59;secretariat@institutionsaintaspais.fr;http://www.institutionsaintaspais.fr;48.542187019437556;2.6554008685423067;FOR.8727;cyber;4;bac pro;baccalauréat professionnel;bac pro cybersécurité, informatique et réseaux, électronique;CIEL;37489;40025519;http://www.onisep.fr/http/redirection/formation/slug/FOR.8727;#ff8f8f
0911828T;Lycée Georges Brassens;8 rue Georges Brassens;;;91080;Evry-Courcouronnes;Essonne;Versailles;https://www.onisep.fr/http/redirection/etablissement/slug/ENS.11586;Lycée;Public;LYCEE POLYVALENT;01 69 47 54 70;0911828t@ac-versailles.fr;http://www.lyc-brassens-courcouronnes.ac-versailles.fr;48.626687758550254;2.4202747764766652;FOR.8727;cyber;4;bac pro;baccalauréat professionnel;bac pro cybersécurité, informatique et réseaux, électronique;CIEL;37489;40025519;http://www.onisep.fr/http/redirection/formation/slug/FOR.8727;#ff8f8f
0911828T;Lycée Georges Brassens;8 rue Georges Brassens;;;91080;Evry-Courcouronnes;Essonne;Versailles;https://www.onisep.fr/http/redirection/etablissement/slug/ENS.11586;Lycée;Public;LYCEE POLYVALENT;01 69 47 54 70;0911828t@ac-versailles.fr;http://www.lyc-brassens-courcouronnes.ac-versailles.fr;48.626687758550254;2.4202747764766652;FOR.8473;cyber;5;BTS;brevet de technicien supérieur;BTS cybersécurité, informatique et réseaux, électronique option B électronique et réseaux;CIEL ER;37391;32025521;http://www.onisep.fr/http/redirection/formation/slug/FOR.8473;#ff3d3d
0780273Y;Lycée professionnel Louis Blériot;Rue Léo Lagrange;BP 111;;78192;Trappes;Yvelines;Versailles;https://www.onisep.fr/http/redirection/etablissement/slug/ENS.8896;Lycée;Public;LYCEE POLYVALENT;01 30 51 88 18;0780273y@ac-versailles.fr;http://www.lyc-bleriot-trappes.ac-versailles.fr;48.77727873583435;1.9810310827260558;FOR.847;sécu;3;CAP;certificat d'aptitude professionnelle;CAP agent de sécurité;AS;18620;50034405;http://www.onisep.fr/http/redirection/formation/slug/FOR.847;#b8ffb8
0780273Y;Lycée professionnel Louis Blériot;Rue Léo Lagrange;BP 111;;78192;Trappes;Yvelines;Versailles;https://www.onisep.fr/http/redirection/etablissement/slug/ENS.8896;Lycée;Public;LYCEE POLYVALENT;01 30 51 88 18;0780273y@ac-versailles.fr;http://www.lyc-bleriot-trappes.ac-versailles.fr;48.77727873583435;1.9810310827260558;FOR.8727;cyber;4;bac pro;baccalauréat professionnel;bac pro cybersécurité, informatique et réseaux, électronique;CIEL;37489;40025519;http://www.onisep.fr/http/redirection/formation/slug/FOR.8727;#ff8f8f
0780273Y;Lycée professionnel Louis Blériot;Rue Léo Lagrange;BP 111;;78192;Trappes;Yvelines;Versailles;https://www.onisep.fr/http/redirection/etablissement/slug/ENS.8896;Lycée;Public;LYCEE POLYVALENT;01 30 51 88 18;0780273y@ac-versailles.fr;http://www.lyc-bleriot-trappes.ac-versailles.fr;48.77727873583435;1.9810310827260558;FOR.3651;sécu;4;bac pro;baccalauréat professionnel;bac pro Métiers de la sécurité;;19114;40034403;http://www.onisep.fr/http/redirection/formation/slug/FOR.3651;#8fff8f
0771880A;Lycée professionnel Charles Baudelaire;Avenue des comtes de Champagne;;;77100;Meaux;Seine-et-Marne;Créteil;https://www.onisep.fr/http/redirection/etablissement/slug/ENS.16788;Lycée;Public;LYCEE PROFESSIONNEL;01 60 09 07 05;ce.0771880a@ac-creteil.fr;http://www.lpbaudelaire.fr;48.95450640962863;2.914051656596103;FOR.3651;sécu;4;bac pro;baccalauréat professionnel;bac pro Métiers de la sécurité;;19114;40034403;http://www.onisep.fr/http/redirection/formation/slug/FOR.3651;#8fff8f
0750775K;LP Gustave Ferrié;7 rue des Ecluses Saint-Martin;;;75010;Paris;Paris;Paris;https://www.onisep.fr/http/redirection/etablissement/slug/ENS.11280;Lycée;Public;LYCEE PROFESSIONNEL;01 42 02 19 55;ce.0750775k@ac-paris.fr;http://lyc-gustave-ferrie.ac-paris.fr;48.87648795717409;2.367405677134921;FOR.8727;cyber;4;bac pro;baccalauréat professionnel;bac pro cybersécurité, informatique et réseaux, électronique;CIEL;37489;40025519;http://www.onisep.fr/http/redirection/formation/slug/FOR.8727;#ff8f8f
0912124P;Section d'enseignement professionnel du lycée Parc de Vilgénis;80 rue de Versailles;;;91300;Massy;Essonne;Versailles;https://www.onisep.fr/http/redirection/etablissement/slug/ENS.17196;Lycée;Public;SECTION D ENSEIGNEMENT PROFESSIONNEL;01 69 53 74 00;ce.0910727W@ac-versailles.fr;http://www.vilgenis.fr;48.73154786458686;2.254524266984075;FOR.8727;cyber;4;bac pro;baccalauréat professionnel;bac pro cybersécurité, informatique et réseaux, électronique;CIEL;37489;40025519;http://www.onisep.fr/http/redirection/formation/slug/FOR.8727;#ff8f8f
0910628N;Lycée professionnel Paul Belmondo;23 avenue de la Division Leclerc;;;91290;Arpajon;Essonne;Versailles;https://www.onisep.fr/http/redirection/etablissement/slug/ENS.14021;Lycée;Public;LYCEE PROFESSIONNEL;01 60 83 80 60;0910628n@ac-versailles.fr;http://www.lyc-belmondo-arpajon.ac-versailles.fr;48.59662184082922;2.246205681470227;FOR.847;sécu;3;CAP;certificat d'aptitude professionnelle;CAP agent de sécurité;AS;18620;50034405;http://www.onisep.fr/http/redirection/formation/slug/FOR.847;#b8ffb8
0910628N;Lycée professionnel Paul Belmondo;23 avenue de la Division Leclerc;;;91290;Arpajon;Essonne;Versailles;https://www.onisep.fr/http/redirection/etablissement/slug/ENS.14021;Lycée;Public;LYCEE PROFESSIONNEL;01 60 83 80 60;0910628n@ac-versailles.fr;http://www.lyc-belmondo-arpajon.ac-versailles.fr;48.59662184082922;2.246205681470227;FOR.3651;sécu;4;bac pro;baccalauréat professionnel;bac pro Métiers de la sécurité;;19114;40034403;http://www.onisep.fr/http/redirection/formation/slug/FOR.3651;#8fff8f
0951673C;Lycée polyvalent Gustave Eiffel, Lycée des métiers de l'électricité et des services aux entreprises;9 allée Jean de Florette;;;95120;Ermont;Val-d'Oise;Versailles;https://www.onisep.fr/http/redirection/etablissement/slug/ENS.8997;Lycée;Public;LYCEE POLYVALENT;01 34 14 17 32;0951673c@ac-versailles.fr;http://www.lyc-eiffel-ermont.ac-versailles.fr;48.98436048681312;2.244473864378136;FOR.8727;cyber;4;bac pro;baccalauréat professionnel;bac pro cybersécurité, informatique et réseaux, électronique;CIEL;37489;40025519;http://www.onisep.fr/http/redirection/formation/slug/FOR.8727;#ff8f8f
0951673C;Lycée polyvalent Gustave Eiffel, Lycée des métiers de l'électricité et des services aux entreprises;9 allée Jean de Florette;;;95120;Ermont;Val-d'Oise;Versailles;https://www.onisep.fr/http/redirection/etablissement/slug/ENS.8997;Lycée;Public;LYCEE POLYVALENT;01 34 14 17 32;0951673c@ac-versailles.fr;http://www.lyc-eiffel-ermont.ac-versailles.fr;48.98436048681312;2.244473864378136;FOR.847;sécu;3;CAP;certificat d'aptitude professionnelle;CAP agent de sécurité;AS;18620;50034405;http://www.onisep.fr/http/redirection/formation/slug/FOR.847;#b8ffb8
0951673C;Lycée polyvalent Gustave Eiffel, Lycée des métiers de l'électricité et des services aux entreprises;9 allée Jean de Florette;;;95120;Ermont;Val-d'Oise;Versailles;https://www.onisep.fr/http/redirection/etablissement/slug/ENS.8997;Lycée;Public;LYCEE POLYVALENT;01 34 14 17 32;0951673c@ac-versailles.fr;http://www.lyc-eiffel-ermont.ac-versailles.fr;48.98436048681312;2.244473864378136;FOR.3651;sécu;4;bac pro;baccalauréat professionnel;bac pro Métiers de la sécurité;;19114;40034403;http://www.onisep.fr/http/redirection/formation/slug/FOR.3651;#8fff8f
0920141D;Lycée polyvalent Frédéric et Irène Joliot Curie;92 avenue Joliot-Curie;;;92014;Nanterre;Hauts-de-Seine;Versailles;https://www.onisep.fr/http/redirection/etablissement/slug/ENS.3763;Lycée;Public;LYCEE POLYVALENT;01 47 21 20 19;0920141D@ac-versailles.fr;http://www.lyc-curie-nanterre.ac-versailles.fr;48.89097484069988;2.2075839125947363;FOR.3651;sécu;4;bac pro;baccalauréat professionnel;bac pro Métiers de la sécurité;;19114;40034403;http://www.onisep.fr/http/redirection/formation/slug/FOR.3651;#8fff8f
0920141D;Lycée polyvalent Frédéric et Irène Joliot Curie;92 avenue Joliot-Curie;;;92014;Nanterre;Hauts-de-Seine;Versailles;https://www.onisep.fr/http/redirection/etablissement/slug/ENS.3763;Lycée;Public;LYCEE POLYVALENT;01 47 21 20 19;0920141D@ac-versailles.fr;http://www.lyc-curie-nanterre.ac-versailles.fr;48.89097484069988;2.2075839125947363;FOR.847;sécu;3;CAP;certificat d'aptitude professionnelle;CAP agent de sécurité;AS;18620;50034405;http://www.onisep.fr/http/redirection/formation/slug/FOR.847;#b8ffb8
0930846P;Lycée professionnel Voillaume;136 rue de Mitry;;;93600;Aulnay-sous-Bois;Seine-Saint-Denis;Créteil;https://www.onisep.fr/http/redirection/etablissement/slug/ENS.7926;Lycée;Public;LYCEE PROFESSIONNEL;01 48 19 31 93;ce.0930846P@ac-creteil.fr;http://www.lyceevoillaume.net;48.94454426421222;2.5082514034395587;FOR.8727;cyber;4;bac pro;baccalauréat professionnel;bac pro cybersécurité, informatique et réseaux, électronique;CIEL;37489;40025519;http://www.onisep.fr/http/redirection/formation/slug/FOR.8727;#ff8f8f
0950641F;Lycée Jean Jaurès;25 rue Charles Lecocq;;;95100;Argenteuil;Val-d'Oise;Versailles;https://www.onisep.fr/http/redirection/etablissement/slug/ENS.12440;Lycée;Public;LYCEE POLYVALENT;01 39 98 50 00;0950641F@ac-versailles.fr;http://www.lyc-jaures-argenteuil.ac-versailles.fr/;48.93993923166503;2.226184703043667;FOR.8727;cyber;4;bac pro;baccalauréat professionnel;bac pro cybersécurité, informatique et réseaux, électronique;CIEL;37489;40025519;http://www.onisep.fr/http/redirection/formation/slug/FOR.8727;#ff8f8f
0950641F;Lycée Jean Jaurès;25 rue Charles Lecocq;;;95100;Argenteuil;Val-d'Oise;Versailles;https://www.onisep.fr/http/redirection/etablissement/slug/ENS.12440;Lycée;Public;LYCEE POLYVALENT;01 39 98 50 00;0950641F@ac-versailles.fr;http://www.lyc-jaures-argenteuil.ac-versailles.fr/;48.93993923166503;2.226184703043667;FOR.8472;cyber;5;BTS;brevet de technicien supérieur;BTS cybersécurité, informatique et réseaux, électronique option A informatique et réseaux;CIEL IR;37391;32020116;http://www.onisep.fr/http/redirection/formation/slug/FOR.8472;#ff3d3d
0950641F;Lycée Jean Jaurès;25 rue Charles Lecocq;;;95100;Argenteuil;Val-d'Oise;Versailles;https://www.onisep.fr/http/redirection/etablissement/slug/ENS.12440;Lycée;Public;LYCEE POLYVALENT;01 39 98 50 00;0950641F@ac-versailles.fr;http://www.lyc-jaures-argenteuil.ac-versailles.fr/;48.93993923166503;2.226184703043667;FOR.8473;cyber;5;BTS;brevet de technicien supérieur;BTS cybersécurité, informatique et réseaux, électronique option B électronique et réseaux;CIEL ER;37391;32025521;http://www.onisep.fr/http/redirection/formation/slug/FOR.8473;#ff3d3d
0922653J;Lycée polyvalent La Salle - Saint-Nicolas (Lycée des métiers);19 rue Victor Hugo;;;92130;Issy-les-Moulineaux;Hauts-de-Seine;Versailles;https://www.onisep.fr/http/redirection/etablissement/slug/ENS.4421;Lycée;Privé;LYCEE POLYVALENT;01 41 46 15 15;0922653J@ac-versailles.fr;http://www.st-nicolas.org;48.82644117673118;2.275697500563575;FOR.847;sécu;3;CAP;certificat d'aptitude professionnelle;CAP agent de sécurité;AS;18620;50034405;http://www.onisep.fr/http/redirection/formation/slug/FOR.847;#b8ffb8
0922653J;Lycée polyvalent La Salle - Saint-Nicolas (Lycée des métiers);19 rue Victor Hugo;;;92130;Issy-les-Moulineaux;Hauts-de-Seine;Versailles;https://www.onisep.fr/http/redirection/etablissement/slug/ENS.4421;Lycée;Privé;LYCEE POLYVALENT;01 41 46 15 15;0922653J@ac-versailles.fr;http://www.st-nicolas.org;48.82644117673118;2.275697500563575;FOR.3651;sécu;4;bac pro;baccalauréat professionnel;bac pro Métiers de la sécurité;;19114;40034403;http://www.onisep.fr/http/redirection/formation/slug/FOR.3651;#8fff8f
0922653J;Lycée polyvalent La Salle - Saint-Nicolas (Lycée des métiers);19 rue Victor Hugo;;;92130;Issy-les-Moulineaux;Hauts-de-Seine;Versailles;https://www.onisep.fr/http/redirection/etablissement/slug/ENS.4421;Lycée;Privé;LYCEE POLYVALENT;01 41 46 15 15;0922653J@ac-versailles.fr;http://www.st-nicolas.org;48.82644117673118;2.275697500563575;FOR.8727;cyber;4;bac pro;baccalauréat professionnel;bac pro cybersécurité, informatique et réseaux, électronique;CIEL;37489;40025519;http://www.onisep.fr/http/redirection/formation/slug/FOR.8727;#ff8f8f
0920158X;Lycée professionnel La Tournelle;87 boulevard National;;;92250;La Garenne-Colombes;Hauts-de-Seine;Versailles;https://www.onisep.fr/http/redirection/etablissement/slug/ENS.12570;Lycée;Public;LYCEE POLYVALENT;01 41 19 20 30;0920158x@ac-versailles.fr;http://www.lyc-tournelle-garenne.ac-versailles.fr;48.906938973686685;2.237810469917158;FOR.8727;cyber;4;bac pro;baccalauréat professionnel;bac pro cybersécurité, informatique et réseaux, électronique;CIEL;37489;40025519;http://www.onisep.fr/http/redirection/formation/slug/FOR.8727;#ff8f8f
0772328M;Section d'enseignement professionnel du lycée Simone Veil;1 avenue Pierre Mendès France;BP 14;;77186;Noisiel;Seine-et-Marne;Créteil;https://www.onisep.fr/http/redirection/etablissement/slug/ENS.5487;Lycée;Public;SECTION D ENSEIGNEMENT PROFESSIONNEL;01 60 37 56 56;lyceesdenoisiel@leslyceesdenoisiel.net;https://lyceesimoneveil.fr/;48.84004109447141;2.617014497293075;FOR.8727;cyber;4;bac pro;baccalauréat professionnel;bac pro cybersécurité, informatique et réseaux, électronique;CIEL;37489;40025519;http://www.onisep.fr/http/redirection/formation/slug/FOR.8727;#ff8f8f
0754915K;Section d'enseignement général et technologique du lycée technique privé Saint-Nicolas;92 rue de Vaugirard;;;75006;Paris;Paris;Paris;https://www.onisep.fr/http/redirection/etablissement/slug/ENS.9711;Lycée;Privé;SECTION D ENSEIGNEMENT PROFESSIONNEL;01 42 22 83 60;contact@lyceesaintnicolas.org;http://www.lyceesaintnicolas.com;48.84679727675692;2.3258011295926937;FOR.8727;cyber;4;bac pro;baccalauréat professionnel;bac pro cybersécurité, informatique et réseaux, électronique;CIEL;37489;40025519;http://www.onisep.fr/http/redirection/formation/slug/FOR.8727;#ff8f8f
0932367T;Section d'enseignement professionnel du lycée  la Salle Saint-Denis;6-8 place de la Résistance;;;93200;Saint-Denis;Seine-Saint-Denis;Créteil;https://www.onisep.fr/http/redirection/etablissement/slug/ENS.16970;Lycée;Privé;SECTION D ENSEIGNEMENT PROFESSIONNEL;01 55 87 45 00;contact@lasallesaintdenis.com;https://www.lasallesaintdenis.com;48.93281417844132;2.3550342810074176;FOR.8727;cyber;4;bac pro;baccalauréat professionnel;bac pro cybersécurité, informatique et réseaux, électronique;CIEL;37489;40025519;http://www.onisep.fr/http/redirection/formation/slug/FOR.8727;#ff8f8f
0755748R;Institut Supérieur des Ressources Informatiques;6-8 impasse des deux Cousins;;75017 PARIS;75017;Paris 17e  Arrondissement;Paris;Paris;;Lycée;Privé;LYCEE POLYVALENT;0144018670;contact@ecoleiris.fr;;48.88489364035247;2.293371928557532;FOR.8727;cyber;4;bac pro;baccalauréat professionnel;bac pro cybersécurité, informatique et réseaux, électronique;CIEL;37489;40025519;http://www.onisep.fr/http/redirection/formation/slug/FOR.8727;#ff8f8f
0755748R;Institut Supérieur des Ressources Informatiques;6-8 impasse des deux Cousins;;75017 PARIS;75017;Paris 17e  Arrondissement;Paris;Paris;;Lycée;Privé;LYCEE POLYVALENT;0144018670;contact@ecoleiris.fr;;48.88489364035247;2.293371928557532;FOR.5337;cyber;5;BTS;brevet de technicien supérieur;BTS services informatiques aux organisations option B : solutions logicielles et applications métiers;BTS SIO SLAM;35340;32032614;http://www.onisep.fr/http/redirection/formation/slug/FOR.;#ff3d3d
0755748R;Institut Supérieur des Ressources Informatiques;6-8 impasse des deux Cousins;;75017 PARIS;75017;Paris 17e  Arrondissement;Paris;Paris;;Lycée;Privé;LYCEE POLYVALENT;0144018670;contact@ecoleiris.fr;;48.88489364035247;2.293371928557532;FOR.5987;cyber;5;BTS;brevet de technicien supérieur;BTS services informatiques aux organisations option A : solutions d'infrastructure, systèmes et réseaux;BTS SIO SISR;35340;32032613;http://www.onisep.fr/http/redirection/formation/slug/FOR.5987;#ff3d3d
0941978P;Section d'enseignement professionnel du lycée Christophe Colomb;154 rue de Boissy;;;94370;Sucy-en-Brie;Val-de-Marne;Créteil;https://www.onisep.fr/http/redirection/etablissement/slug/ENS.11195;Lycée;Public;SECTION D ENSEIGNEMENT PROFESSIONNEL;01 49 82 29 29;ce.0941918Z@ac-creteil.fr;;48.759563451086045;2.5261158036914377;FOR.8727;cyber;4;bac pro;baccalauréat professionnel;bac pro cybersécurité, informatique et réseaux, électronique;CIEL;37489;40025519;http://www.onisep.fr/http/redirection/formation/slug/FOR.8727;#ff8f8f
0920680P;Lycée professionnel Léonard de Vinci;5 avenue Henri Barbusse;;;92220;Bagneux;Hauts-de-Seine;Versailles;https://www.onisep.fr/http/redirection/etablissement/slug/ENS.9291;Lycée;Public;LYCEE PROFESSIONNEL;01 40 92 79 80;0920680P@ac-versailles.fr;http://www.lyc-vinci-bagneux.ac-versailles.fr;48.798126642479446;2.308221346268783;FOR.8727;cyber;4;bac pro;baccalauréat professionnel;bac pro cybersécurité, informatique et réseaux, électronique;CIEL;37489;40025519;http://www.onisep.fr/http/redirection/formation/slug/FOR.8727;#ff8f8f
0754887E;Section d'enseignement professionnel du lycée Louis Armand;321 rue Lecourbe;;;75015;Paris;Paris;Paris;https://www.onisep.fr/http/redirection/etablissement/slug/ENS.7142;Lycée;Public;SECTION D ENSEIGNEMENT PROFESSIONNEL;01 45 57 51 50;secretariat.louisarmand@gmail.com;http://lyc-louis-armand.ac-paris.fr;48.8372023151473;2.2852784745012107;FOR.8727;cyber;4;bac pro;baccalauréat professionnel;bac pro cybersécurité, informatique et réseaux, électronique;CIEL;37489;40025519;http://www.onisep.fr/http/redirection/formation/slug/FOR.8727;#ff8f8f
0783431F;Lycée polyvalent Jules Verne;2 rue de la Constituante;CS 80238;;78500;Sartrouville;Yvelines;Versailles;https://www.onisep.fr/http/redirection/etablissement/slug/ENS.2618;Lycée;Public;LYCEE POLYVALENT;01 61 04 13 00;ce.0783431f@ac-versailles.fr;http://www.lyc-verne-sartrouville.ac-versailles.fr;48.94279676396546;2.1602500827567113;FOR.847;sécu;3;CAP;certificat d'aptitude professionnelle;CAP agent de sécurité;AS;18620;50034405;http://www.onisep.fr/http/redirection/formation/slug/FOR.847;#b8ffb8
0783431F;Lycée polyvalent Jules Verne;2 rue de la Constituante;CS 80238;;78500;Sartrouville;Yvelines;Versailles;https://www.onisep.fr/http/redirection/etablissement/slug/ENS.2618;Lycée;Public;LYCEE POLYVALENT;01 61 04 13 00;ce.0783431f@ac-versailles.fr;http://www.lyc-verne-sartrouville.ac-versailles.fr;48.94279676396546;2.1602500827567113;FOR.3651;sécu;4;bac pro;baccalauréat professionnel;bac pro Métiers de la sécurité;;19114;40034403;http://www.onisep.fr/http/redirection/formation/slug/FOR.3651;#8fff8f
0951104J;Lycée polyvalent Jean Perrin;2 rue des Egalisses;;;95310;Saint-Ouen-l'Aumône;Val-d'Oise;Versailles;https://www.onisep.fr/http/redirection/etablissement/slug/ENS.7519;Lycée;Public;LYCEE POLYVALENT;01 34 32 58 28;0951104J@ac-versailles.fr;http://lyc-perrin-soa.ac-versailles.fr/portail/;49.05795045401262;2.1301623470731075;FOR.8727;cyber;4;bac pro;baccalauréat professionnel;bac pro cybersécurité, informatique et réseaux, électronique;CIEL;37489;40025519;http://www.onisep.fr/http/redirection/formation/slug/FOR.8727;#ff8f8f
0951104J;Lycée polyvalent Jean Perrin;2 rue des Egalisses;;;95310;Saint-Ouen-l'Aumône;Val-d'Oise;Versailles;https://www.onisep.fr/http/redirection/etablissement/slug/ENS.7519;Lycée;Public;LYCEE POLYVALENT;01 34 32 58 28;0951104J@ac-versailles.fr;http://lyc-perrin-soa.ac-versailles.fr/portail/;49.05795045401262;2.1301623470731075;FOR.8473;cyber;5;BTS;brevet de technicien supérieur;BTS cybersécurité, informatique et réseaux, électronique option B électronique et réseaux;CIEL ER;37391;32025521;http://www.onisep.fr/http/redirection/formation/slug/FOR.8473;#ff3d3d
0950947N;Lycée de la Tourelle;8 rue Fernand Léger;;;95200;Sarcelles;Val-d'Oise;Versailles;https://www.onisep.fr/http/redirection/etablissement/slug/ENS.3404;Lycée;Public;LYCEE POLYVALENT;01 34 38 36 00;0950947n@ac-versailles.fr;http://www.lyc-tourelle-sarcelles.ac-versailles.fr;48.992936087911005;2.3828807780713577;FOR.8727;cyber;4;bac pro;baccalauréat professionnel;bac pro cybersécurité, informatique et réseaux, électronique;CIEL;37489;40025519;http://www.onisep.fr/http/redirection/formation/slug/FOR.8727;#ff8f8f
0950947N;Lycée de la Tourelle;8 rue Fernand Léger;;;95200;Sarcelles;Val-d'Oise;Versailles;https://www.onisep.fr/http/redirection/etablissement/slug/ENS.3404;Lycée;Public;LYCEE POLYVALENT;01 34 38 36 00;0950947n@ac-versailles.fr;http://www.lyc-tourelle-sarcelles.ac-versailles.fr;48.992936087911005;2.3828807780713577;FOR.8472;cyber;5;BTS;brevet de technicien supérieur;BTS cybersécurité, informatique et réseaux, électronique option A informatique et réseaux;CIEL IR;37391;32020116;http://www.onisep.fr/http/redirection/formation/slug/FOR.8472;#ff3d3d
0940141T;Lycée professionnel Jacques Brel;100 avenue d'Alfortville;;;94600;Choisy-le-Roi;Val-de-Marne;Créteil;https://www.onisep.fr/http/redirection/etablissement/slug/ENS.7853;Lycée;Public;LYCEE POLYVALENT;01 48 92 99 40;ce.0940141t@ac-creteil.fr;http://www.jbrel94.fr;48.77325875116557;2.4149129113760606;FOR.8727;cyber;4;bac pro;baccalauréat professionnel;bac pro cybersécurité, informatique et réseaux, électronique;CIEL;37489;40025519;http://www.onisep.fr/http/redirection/formation/slug/FOR.8727;#ff8f8f
0754920R;Section d'enseignement professionnel du lycée privé Catherine Labouré;29 rue Gassendi;;;75014;Paris;Paris;Paris;https://www.onisep.fr/http/redirection/etablissement/slug/ENS.17979;Lycée;Privé;SECTION D ENSEIGNEMENT PROFESSIONNEL;01 43 22 02 62;catherine.laboure@wanadoo.fr;http://www.saintecatherinelaboure.com/;48.83401622120104;2.326252530262704;FOR.3651;sécu;4;bac pro;baccalauréat professionnel;bac pro Métiers de la sécurité;;19114;40034403;http://www.onisep.fr/http/redirection/formation/slug/FOR.3651;#8fff8f
0754920R;Section d'enseignement professionnel du lycée privé Catherine Labouré;29 rue Gassendi;;;75014;Paris;Paris;Paris;https://www.onisep.fr/http/redirection/etablissement/slug/ENS.17979;Lycée;Privé;SECTION D ENSEIGNEMENT PROFESSIONNEL;01 43 22 02 62;catherine.laboure@wanadoo.fr;http://www.saintecatherinelaboure.com/;48.83401622120104;2.326252530262704;FOR.847;sécu;3;CAP;certificat d'aptitude professionnelle;CAP agent de sécurité;AS;18620;50034405;http://www.onisep.fr/http/redirection/formation/slug/FOR.847;#b8ffb8
0941355M;Lycée professionnel Paul Bert;1 rue du gué aux aurochs;;;94700;Maisons-Alfort;Val-de-Marne;Créteil;https://www.onisep.fr/http/redirection/etablissement/slug/ENS.9118;Lycée;Public;LYCEE POLYVALENT;01 41 79 02 50;ce.0941355m@ac-creteil.fr;http://www.paulbert.net;48.81499680233944;2.4243206489988234;FOR.8727;cyber;4;bac pro;baccalauréat professionnel;bac pro cybersécurité, informatique et réseaux, électronique;CIEL;37489;40025519;http://www.onisep.fr/http/redirection/formation/slug/FOR.8727;#ff8f8f
0940750E;Section d'enseignement professionnel du lycée François Arago;36 avenue de l'Europe;;;94190;Villeneuve-Saint-Georges;Val-de-Marne;Créteil;https://www.onisep.fr/http/redirection/etablissement/slug/ENS.7444;Lycée;Public;SECTION D ENSEIGNEMENT PROFESSIONNEL;01 45 10 87 00;ce.0941952L@ac-creteil.fr;http://www.lycee-arago.fr;48.730784017182465;2.4579412438695334;FOR.3651;sécu;4;bac pro;baccalauréat professionnel;bac pro Métiers de la sécurité;;19114;40034403;http://www.onisep.fr/http/redirection/formation/slug/FOR.3651;#8fff8f
0920136Y;Lycée Isaac Newton;1 place Jules Verne;;;92110;Clichy;Hauts-de-Seine;Versailles;https://www.onisep.fr/http/redirection/etablissement/slug/ENS.9297;Lycée;Public;LYCEE POLYVALENT;01 41 06 78 78;lyc-newton-clichy@ac-versailles.fr;http://www.lycee-newton.fr;48.90905297767566;2.3068998920632153;FOR.8727;cyber;4;bac pro;baccalauréat professionnel;bac pro cybersécurité, informatique et réseaux, électronique;CIEL;37489;40025519;http://www.onisep.fr/http/redirection/formation/slug/FOR.8727;#ff8f8f
0920136Y;Lycée Isaac Newton;1 place Jules Verne;;;92110;Clichy;Hauts-de-Seine;Versailles;https://www.onisep.fr/http/redirection/etablissement/slug/ENS.9297;Lycée;Public;LYCEE POLYVALENT;01 41 06 78 78;lyc-newton-clichy@ac-versailles.fr;http://www.lycee-newton.fr;48.90905297767566;2.3068998920632153;FOR.8472;cyber;5;BTS;brevet de technicien supérieur;BTS cybersécurité, informatique et réseaux, électronique option A informatique et réseaux;CIEL IR;37391;32020116;http://www.onisep.fr/http/redirection/formation/slug/FOR.8472;#ff3d3d
0753350J;LP Maria Deraismes;19 rue Maria-Deraismes;;;75017;Paris;Paris;Paris;https://www.onisep.fr/http/redirection/etablissement/slug/ENS.7015;Lycée;Public;LYCEE PROFESSIONNEL;01 46 27 94 37;ce.0753350j@ac-paris.fr;http://lyc-maria-deraismes.ac-paris.fr;48.89481837327271;2.327529350037259;FOR.847;sécu;3;CAP;certificat d'aptitude professionnelle;CAP agent de sécurité;AS;18620;50034405;http://www.onisep.fr/http/redirection/formation/slug/FOR.847;#b8ffb8
0770931U;Lycée professionnel Pierre de Coubertin;Chaussée de Paris;;;77100;Meaux;Seine-et-Marne;Créteil;https://www.onisep.fr/http/redirection/etablissement/slug/ENS.12830;Lycée;Public;LYCEE POLYVALENT;01 64 34 57 27;ce.0770932v@ac-creteil.fr;https://www.coubertin-meaux.fr;48.955102129539654;2.8671973622331977;FOR.8727;cyber;4;bac pro;baccalauréat professionnel;bac pro cybersécurité, informatique et réseaux, électronique;CIEL;37489;40025519;http://www.onisep.fr/http/redirection/formation/slug/FOR.8727;#ff8f8f
0781856U;Lycée professionnel Saint-Erembert;5 rue Salomon Reinach;;;78100;Saint-Germain-en-Laye;Yvelines;Versailles;https://www.onisep.fr/http/redirection/etablissement/slug/ENS.7202;Lycée;Privé;LYCEE PROFESSIONNEL;01 39 21 58 58;etablissement@saint-erembert.com;https://www.saint-erembert.fr;48.89599108673565;2.099642839310491;FOR.8727;cyber;4;bac pro;baccalauréat professionnel;bac pro cybersécurité, informatique et réseaux, électronique;CIEL;37489;40025519;http://www.onisep.fr/http/redirection/formation/slug/FOR.8727;#ff8f8f
0940140S;Lycée professionnel Gourdou Leseurre;50-56 boulevard de Champigny;;;94210;Saint-Maur-des-Fossés;Val-de-Marne;Créteil;https://www.onisep.fr/http/redirection/etablissement/slug/ENS.16177;Lycée;Public;LYCEE PROFESSIONNEL;01 48 83 33 32;ce.0940140S@ac-creteil.fr;http://www.lyceegourdouleseurre.com;48.80209659868827;2.5067094253197815;FOR.8727;cyber;4;bac pro;baccalauréat professionnel;bac pro cybersécurité, informatique et réseaux, électronique;CIEL;37489;40025519;http://www.onisep.fr/http/redirection/formation/slug/FOR.8727;#ff8f8f
0931432B;Section d'enseignement professionnel du lycée polyvalent Eugène Delacroix;4 du Docteur Albert Schweitzer;;;93700;Drancy;Seine-Saint-Denis;Créteil;https://www.onisep.fr/http/redirection/etablissement/slug/ENS.14430;Lycée;Public;SECTION D ENSEIGNEMENT PROFESSIONNEL;01 41 60 83 15;admin@lycee-delacroix-drancy.fr;https://lyc-eugene-delacroix-drancy.ac-creteil.fr/lycee/;48.92500721472923;2.457936453412501;FOR.3651;sécu;4;bac pro;baccalauréat professionnel;bac pro Métiers de la sécurité;;19114;40034403;http://www.onisep.fr/http/redirection/formation/slug/FOR.3651;#8fff8f
0771364P;Section d'enseignement professionnel du lycée polyvalent Frédéric Joliot-Curie;168 rue Frédéric Joliot-Curie;;;77190;Dammarie-les-Lys;Seine-et-Marne;Créteil;https://www.onisep.fr/http/redirection/etablissement/slug/ENS.10687;Lycée;Public;SECTION D ENSEIGNEMENT PROFESSIONNEL;01 64 39 34 34;ce.0771027y@ac-creteil.fr;http://www.lyceejoliotcurie77.fr;48.519074047945075;2.648301348133944;FOR.3651;sécu;4;bac pro;baccalauréat professionnel;bac pro Métiers de la sécurité;;19114;40034403;http://www.onisep.fr/http/redirection/formation/slug/FOR.3651;#8fff8f
0930128J;Lycée professionnel Denis Papin;34 avenue Michelet;;;93120;La Courneuve;Seine-Saint-Denis;Créteil;https://www.onisep.fr/http/redirection/etablissement/slug/ENS.9719;Lycée;Public;LYCEE PROFESSIONNEL;01 49 92 16 00;ce.0930128J@ac-creteil.fr;http://www.lycee-denis-papin-la-courneuve.com;48.92887989557298;2.3863947991490666;FOR.8727;cyber;4;bac pro;baccalauréat professionnel;bac pro cybersécurité, informatique et réseaux, électronique;CIEL;37489;40025519;http://www.onisep.fr/http/redirection/formation/slug/FOR.8727;#ff8f8f
0941918Z;Lycée Christophe Colomb;154 rue de Boissy;;;94370;Sucy-en-Brie;Val-de-Marne;Créteil;https://www.onisep.fr/http/redirection/etablissement/slug/ENS.13811;Lycée;Public;LYCEE POLYVALENT;01 49 82 29 29;ce.0941918Z@ac-creteil.fr;http://www.lycee-christophecolomb94.com;48.759563451086045;2.5261158036914377;FOR.8727;cyber;4;bac pro;baccalauréat professionnel;bac pro cybersécurité, informatique et réseaux, électronique;CIEL;37489;40025519;http://www.onisep.fr/http/redirection/formation/slug/FOR.8727;#ff8f8f
0941918Z;Lycée Christophe Colomb;154 rue de Boissy;;;94370;Sucy-en-Brie;Val-de-Marne;Créteil;https://www.onisep.fr/http/redirection/etablissement/slug/ENS.13811;Lycée;Public;LYCEE POLYVALENT;01 49 82 29 29;ce.0941918Z@ac-creteil.fr;http://www.lycee-christophecolomb94.com;48.759563451086045;2.5261158036914377;FOR.8472;cyber;5;BTS;brevet de technicien supérieur;BTS cybersécurité, informatique et réseaux, électronique option A informatique et réseaux;CIEL IR;37391;32020116;http://www.onisep.fr/http/redirection/formation/slug/FOR.8472;#ff3d3d
0931198X;Lycée professionnel Alfred Costes;146 avenue Henri Barbusse;;;93000;Bobigny;Seine-Saint-Denis;Créteil;https://www.onisep.fr/http/redirection/etablissement/slug/ENS.4354;Lycée;Public;LYCEE PROFESSIONNEL;01 48 96 24 24;ce.0931198X@ac-creteil.fr;http://lycee-alfredcostes.fr;48.90870421236245;2.428207966993259;FOR.8727;cyber;4;bac pro;baccalauréat professionnel;bac pro cybersécurité, informatique et réseaux, électronique;CIEL;37489;40025519;http://www.onisep.fr/http/redirection/formation/slug/FOR.8727;#ff8f8f
0930929E;Lycée professionnel privé Jeanne la Lorraine;3 boulevard du Nord;;;93340;Le Raincy;Seine-Saint-Denis;Créteil;https://www.onisep.fr/http/redirection/etablissement/slug/ENS.12761;Lycée;Privé;LYCEE PROFESSIONNEL;01 43 81 83 78;ce.0930929E@ac-creteil.fr;http://www.jeannelalorraine93.com;48.90166706339659;2.5134757813211515;FOR.3651;sécu;4;bac pro;baccalauréat professionnel;bac pro Métiers de la sécurité;;19114;40034403;http://www.onisep.fr/http/redirection/formation/slug/FOR.3651;#8fff8f
0911037H;Lycée des Métiers André-Marie Ampère;12 bis route du Bois Pommier;;;91390;Morsang-sur-Orge;Essonne;Versailles;https://www.onisep.fr/http/redirection/etablissement/slug/ENS.14770;Lycée;Public;LYCEE PROFESSIONNEL;01 69 04 04 34;0911037H@ac-versailles.fr;http://www.lyc-ampere-morsang.ac-versailles.fr;48.657926614138525;2.3455129989799697;FOR.8727;cyber;4;bac pro;baccalauréat professionnel;bac pro cybersécurité, informatique et réseaux, électronique;CIEL;37489;40025519;http://www.onisep.fr/http/redirection/formation/slug/FOR.8727;#ff8f8f
0951282C;Lycée professionnel régional du Vexin;2 rue Jean Hamon;;;95750;Chars;Val-d'Oise;Versailles;https://www.onisep.fr/http/redirection/etablissement/slug/ENS.10140;Lycée;Public;LYCEE PROFESSIONNEL;01 30 39 78 94;0951282c@ac-versailles.fr;http://www.lyc-vexin-chars.ac-versailles.fr;49.15689275100273;1.9434127036352702;FOR.847;sécu;3;CAP;certificat d'aptitude professionnelle;CAP agent de sécurité;AS;18620;50034405;http://www.onisep.fr/http/redirection/formation/slug/FOR.847;#b8ffb8
0951282C;Lycée professionnel régional du Vexin;2 rue Jean Hamon;;;95750;Chars;Val-d'Oise;Versailles;https://www.onisep.fr/http/redirection/etablissement/slug/ENS.10140;Lycée;Public;LYCEE PROFESSIONNEL;01 30 39 78 94;0951282c@ac-versailles.fr;http://www.lyc-vexin-chars.ac-versailles.fr;49.15689275100273;1.9434127036352702;FOR.3651;sécu;4;bac pro;baccalauréat professionnel;bac pro Métiers de la sécurité;;19114;40034403;http://www.onisep.fr/http/redirection/formation/slug/FOR.3651;#8fff8f
0931573E;Lycée professionnel privé Robert Schuman;5 avenue du Général de Gaulle;;;93440;Dugny;Seine-Saint-Denis;Créteil;https://www.onisep.fr/http/redirection/etablissement/slug/ENS.11671;Lycée;Privé;LYCEE PROFESSIONNEL;01 48 37 74 26;administration@lyceerobertschuman.com;http://www.lyceerobertschuman.com;48.9489464222051;2.41462548035602;FOR.8727;cyber;4;bac pro;baccalauréat professionnel;bac pro cybersécurité, informatique et réseaux, électronique;CIEL;37489;40025519;http://www.onisep.fr/http/redirection/formation/slug/FOR.8727;#ff8f8f
0940580V;Lycée de Cachan;63 avenue du Président Wilson;;;94235;Cachan;Val-de-Marne;Créteil;https://www.onisep.fr/http/redirection/etablissement/slug/ENS.11853;Lycée;Public;LYCEE POLYVALENT;01 47 40 49 60;ce.0940580V@ac-creteil.fr;http://lyceedecachan.fr/;48.78867682535173;2.324774506773462;FOR.8727;cyber;4;bac pro;baccalauréat professionnel;bac pro cybersécurité, informatique et réseaux, électronique;CIEL;37489;40025519;http://www.onisep.fr/http/redirection/formation/slug/FOR.8727;#ff8f8f
0940580V;Lycée de Cachan;63 avenue du Président Wilson;;;94235;Cachan;Val-de-Marne;Créteil;https://www.onisep.fr/http/redirection/etablissement/slug/ENS.11853;Lycée;Public;LYCEE POLYVALENT;01 47 40 49 60;ce.0940580V@ac-creteil.fr;http://lyceedecachan.fr/;48.78867682535173;2.324774506773462;FOR.5337;cyber;5;BTS;brevet de technicien supérieur;BTS services informatiques aux organisations option B : solutions logicielles et applications métiers;BTS SIO SLAM;35340;32032614;http://www.onisep.fr/http/redirection/formation/slug/FOR.;#ff3d3d
0940580V;Lycée de Cachan;63 avenue du Président Wilson;;;94235;Cachan;Val-de-Marne;Créteil;https://www.onisep.fr/http/redirection/etablissement/slug/ENS.11853;Lycée;Public;LYCEE POLYVALENT;01 47 40 49 60;ce.0940580V@ac-creteil.fr;http://lyceedecachan.fr/;48.78867682535173;2.324774506773462;FOR.8473;cyber;5;BTS;brevet de technicien supérieur;BTS cybersécurité, informatique et réseaux, électronique option B électronique et réseaux;CIEL ER;37391;32025521;http://www.onisep.fr/http/redirection/formation/slug/FOR.8473;#ff3d3d
0940580V;Lycée de Cachan;63 avenue du Président Wilson;;;94235;Cachan;Val-de-Marne;Créteil;https://www.onisep.fr/http/redirection/etablissement/slug/ENS.11853;Lycée;Public;LYCEE POLYVALENT;01 47 40 49 60;ce.0940580V@ac-creteil.fr;http://lyceedecachan.fr/;48.78867682535173;2.324774506773462;FOR.5987;cyber;5;BTS;brevet de technicien supérieur;BTS services informatiques aux organisations option A : solutions d'infrastructure, systèmes et réseaux;BTS SIO SISR;35340;32032613;http://www.onisep.fr/http/redirection/formation/slug/FOR.5987;#ff3d3d
0770920G;Lycée La Fayette;847 route de Fontaineroux;BP 10;;77850;Héricy;Seine-et-Marne;Créteil;https://www.onisep.fr/http/redirection/etablissement/slug/ENS.11670;Lycée;Public;LYCEE POLYVALENT;01 60 39 50 00;lafayette.champagne@ac-creteil.fr;http://www.lyceelafayette.fr;48.40330437773726;2.7976540778951264;FOR.8727;cyber;4;bac pro;baccalauréat professionnel;bac pro cybersécurité, informatique et réseaux, électronique;CIEL;37489;40025519;http://www.onisep.fr/http/redirection/formation/slug/FOR.8727;#ff8f8f
0770920G;Lycée La Fayette;847 route de Fontaineroux;BP 10;;77850;Héricy;Seine-et-Marne;Créteil;https://www.onisep.fr/http/redirection/etablissement/slug/ENS.11670;Lycée;Public;LYCEE POLYVALENT;01 60 39 50 00;lafayette.champagne@ac-creteil.fr;http://www.lyceelafayette.fr;48.40330437773726;2.7976540778951264;FOR.8472;cyber;5;BTS;brevet de technicien supérieur;BTS cybersécurité, informatique et réseaux, électronique option A informatique et réseaux;CIEL IR;37391;32020116;http://www.onisep.fr/http/redirection/formation/slug/FOR.8472;#ff3d3d
0770920G;Lycée La Fayette;847 route de Fontaineroux;BP 10;;77850;Héricy;Seine-et-Marne;Créteil;https://www.onisep.fr/http/redirection/etablissement/slug/ENS.11670;Lycée;Public;LYCEE POLYVALENT;01 60 39 50 00;lafayette.champagne@ac-creteil.fr;http://www.lyceelafayette.fr;48.40330437773726;2.7976540778951264;FOR.8473;cyber;5;BTS;brevet de technicien supérieur;BTS cybersécurité, informatique et réseaux, électronique option B électronique et réseaux;CIEL ER;37391;32025521;http://www.onisep.fr/http/redirection/formation/slug/FOR.8473;#ff3d3d
0771171E;Lycée professionnel Louis Lumière;4 rue Louis Lumière;BP 80;;77504;Chelles;Seine-et-Marne;Créteil;https://www.onisep.fr/http/redirection/etablissement/slug/ENS.1769;Lycée;Public;LYCEE PROFESSIONNEL;01 60 93 12 10;ce.0771171e@ac-creteil.fr;http://www.lyceelouislumiere.fr;48.8795999213396;2.612279937835049;FOR.8727;cyber;4;bac pro;baccalauréat professionnel;bac pro cybersécurité, informatique et réseaux, électronique;CIEL;37489;40025519;http://www.onisep.fr/http/redirection/formation/slug/FOR.8727;#ff8f8f
0930130L;Lycée professionnel Condorcet;31 rue Desiré Chevalier;;;93100;Montreuil;Seine-Saint-Denis;Créteil;https://www.onisep.fr/http/redirection/etablissement/slug/ENS.1055;Lycée;Public;LYCEE PROFESSIONNEL;01 48 57 50 63;ce.0930130L@ac-creteil.fr;http://www.condorcet93.fr;48.85750093339525;2.445528654993236;FOR.8727;cyber;4;bac pro;baccalauréat professionnel;bac pro cybersécurité, informatique et réseaux, électronique;CIEL;37489;40025519;http://www.onisep.fr/http/redirection/formation/slug/FOR.8727;#ff8f8f
0771997C;Lycée professionnel Jacques Prévert;7 avenue Jean Jaurès;BP 115;;77385;Combs-la-Ville;Seine-et-Marne;Créteil;https://www.onisep.fr/http/redirection/etablissement/slug/ENS.1636;Lycée;Public;LYCEE PROFESSIONNEL;01 64 13 42 60;ce.0771997c@ac-creteil.fr;http://www.lyceemetierscombs.net;48.65522404672208;2.564065406447481;FOR.8727;cyber;4;bac pro;baccalauréat professionnel;bac pro cybersécurité, informatique et réseaux, électronique;CIEL;37489;40025519;http://www.onisep.fr/http/redirection/formation/slug/FOR.8727;#ff8f8f
0951727L;Lycée Charles Baudelaire;13 rue du Grand Tremblay;BP 37;;95470;Fosses;Val-d'Oise;Versailles;https://www.onisep.fr/http/redirection/etablissement/slug/ENS.2082;Lycée;Public;LYCEE POLYVALENT;01 34 72 27 00;0951727L@ac-versailles.fr;http://www.lyc-baudelaire-fosses.ac-versailles.fr;49.10154103411719;2.5050055873114405;FOR.3651;sécu;4;bac pro;baccalauréat professionnel;bac pro Métiers de la sécurité;;19114;40034403;http://www.onisep.fr/http/redirection/formation/slug/FOR.3651;#8fff8f
0951727L;Lycée Charles Baudelaire;13 rue du Grand Tremblay;BP 37;;95470;Fosses;Val-d'Oise;Versailles;https://www.onisep.fr/http/redirection/etablissement/slug/ENS.2082;Lycée;Public;LYCEE POLYVALENT;01 34 72 27 00;0951727L@ac-versailles.fr;http://www.lyc-baudelaire-fosses.ac-versailles.fr;49.10154103411719;2.5050055873114405;FOR.847;sécu;3;CAP;certificat d'aptitude professionnelle;CAP agent de sécurité;AS;18620;50034405;http://www.onisep.fr/http/redirection/formation/slug/FOR.847;#b8ffb8
0930960N;Lycée professionnel privé ORT Daniel Mayer;39-45 rue Raspail;;;93100;Montreuil;Seine-Saint-Denis;Créteil;https://www.onisep.fr/http/redirection/etablissement/slug/ENS.10004;Lycée;Privé;LYCEE PROFESSIONNEL;01 49 88 46 50;ce.0930960n@ac-creteil.fr;https://ort-france.fr/montreuil;48.85283000352504;2.4250052027638027;FOR.8727;cyber;4;bac pro;baccalauréat professionnel;bac pro cybersécurité, informatique et réseaux, électronique;CIEL;37489;40025519;http://www.onisep.fr/http/redirection/formation/slug/FOR.8727;#ff8f8f
0940578T;Section d'enseignement professionnel du lycée Louis Armand;173 boulevard de Strasbourg;;;94130;Nogent-sur-Marne;Val-de-Marne;Créteil;https://www.onisep.fr/http/redirection/etablissement/slug/ENS.10677;Lycée;Public;SECTION D ENSEIGNEMENT PROFESSIONNEL;01 45 14 28 28;ce0940118T@ac-creteil.fr;http://www.larmand.fr;48.8467161140249;2.4913060633969635;FOR.8727;cyber;4;bac pro;baccalauréat professionnel;bac pro cybersécurité, informatique et réseaux, électronique;CIEL;37489;40025519;http://www.onisep.fr/http/redirection/formation/slug/FOR.8727;#ff8f8f
0912364A;Lycée Nikola Tesla;15-21 Chemin du Champ de Courses;;;91410;Dourdan;Essonne;Versailles;https://www.onisep.fr/http/redirection/etablissement/slug/ENS.15329;Lycée;Public;LYCEE POLYVALENT;01 64 59 39 00;0912364A@ac-versailles.fr;http://www.lyc-tesla-dourdan.ac-versailles.fr;48.53430077972147;1.9901027277715995;FOR.8727;cyber;4;bac pro;baccalauréat professionnel;bac pro cybersécurité, informatique et réseaux, électronique;CIEL;37489;40025519;http://www.onisep.fr/http/redirection/formation/slug/FOR.8727;#ff8f8f
0921592F;Lycée professionnel Les Côtes de Villebon;3 rue Henri Etlin;;;92360;Meudon;Hauts-de-Seine;Versailles;https://www.onisep.fr/http/redirection/etablissement/slug/ENS.8185;Lycée;Public;LYCEE POLYVALENT;01 46 01 55 00;0921592f@ac-versailles.fr;http://www.lyc-cotesdevillebon-meudon.ac-versailles.fr;48.7947301776672;2.2213265281765295;FOR.8727;cyber;4;bac pro;baccalauréat professionnel;bac pro cybersécurité, informatique et réseaux, électronique;CIEL;37489;40025519;http://www.onisep.fr/http/redirection/formation/slug/FOR.8727;#ff8f8f
0931613Y;Lycée Louise Michel;70 avenue Jean Jaurès;;;93000;Bobigny;Seine-Saint-Denis;Créteil;https://www.onisep.fr/http/redirection/etablissement/slug/ENS.873;Lycée;Public;LYCEE ENSEIGNT GENERAL ET TECHNOLOGIQUE;01 48 10 22 44;ce.0931613y@ac-creteil.fr;http://louisemichelbobigny.fr/;48.902080737124066;2.440758244161289;FOR.5987;cyber;5;BTS;brevet de technicien supérieur;BTS services informatiques aux organisations option A : solutions d'infrastructure, systèmes et réseaux;BTS SIO SISR;35340;32032613;http://www.onisep.fr/http/redirection/formation/slug/FOR.5987;#ff3d3d
0931613Y;Lycée Louise Michel;70 avenue Jean Jaurès;;;93000;Bobigny;Seine-Saint-Denis;Créteil;https://www.onisep.fr/http/redirection/etablissement/slug/ENS.873;Lycée;Public;LYCEE ENSEIGNT GENERAL ET TECHNOLOGIQUE;01 48 10 22 44;ce.0931613y@ac-creteil.fr;http://louisemichelbobigny.fr/;48.902080737124066;2.440758244161289;FOR.5337;cyber;5;BTS;brevet de technicien supérieur;BTS services informatiques aux organisations option B : solutions logicielles et applications métiers;BTS SIO SLAM;35340;32032614;http://www.onisep.fr/http/redirection/formation/slug/FOR.;#ff3d3d
0754086J;Lycée privé Charles de Foucauld;5 rue de la Madone;;;75018;Paris;Paris;Paris;https://www.onisep.fr/http/redirection/etablissement/slug/ENS.6617;Lycée;Privé;LYCEE ENSEIGNT GENERAL ET TECHNOLOGIQUE;01 46 07 72 59;administratif@lamadone.fr;http://www.lamadone.fr;48.89260687899484;2.361191067765284;FOR.5337;cyber;5;BTS;brevet de technicien supérieur;BTS services informatiques aux organisations option B : solutions logicielles et applications métiers;BTS SIO SLAM;35340;32032614;http://www.onisep.fr/http/redirection/formation/slug/FOR.;#ff3d3d
0754086J;Lycée privé Charles de Foucauld;5 rue de la Madone;;;75018;Paris;Paris;Paris;https://www.onisep.fr/http/redirection/etablissement/slug/ENS.6617;Lycée;Privé;LYCEE ENSEIGNT GENERAL ET TECHNOLOGIQUE;01 46 07 72 59;administratif@lamadone.fr;http://www.lamadone.fr;48.89260687899484;2.361191067765284;FOR.5987;cyber;5;BTS;brevet de technicien supérieur;BTS services informatiques aux organisations option A : solutions d'infrastructure, systèmes et réseaux;BTS SIO SISR;35340;32032613;http://www.onisep.fr/http/redirection/formation/slug/FOR.5987;#ff3d3d
0783545E;Ecole Supérieure ENSUP;1 square Benjamin Franklin;;78180 MONTIGNY LE BRETONNEUX;78180;Montigny-le-Bretonneux;Yvelines;Versailles;;;Privé;ECOLES COMPOSEES UNIQT DE STS ET OU CPGE;;;;48.79225614998042;2.050791570727622;FOR.5987;cyber;5;BTS;brevet de technicien supérieur;BTS services informatiques aux organisations option A : solutions d'infrastructure, systèmes et réseaux;BTS SIO SISR;35340;32032613;http://www.onisep.fr/http/redirection/formation/slug/FOR.5987;#ff3d3d
0783545E;Ecole Supérieure ENSUP;1 square Benjamin Franklin;;78180 MONTIGNY LE BRETONNEUX;78180;Montigny-le-Bretonneux;Yvelines;Versailles;;;Privé;ECOLES COMPOSEES UNIQT DE STS ET OU CPGE;;;;48.79225614998042;2.050791570727622;FOR.8472;cyber;5;BTS;brevet de technicien supérieur;BTS cybersécurité, informatique et réseaux, électronique option A informatique et réseaux;CIEL IR;37391;32020116;http://www.onisep.fr/http/redirection/formation/slug/FOR.8472;#ff3d3d
0783545E;Ecole Supérieure ENSUP;1 square Benjamin Franklin;;78180 MONTIGNY LE BRETONNEUX;78180;Montigny-le-Bretonneux;Yvelines;Versailles;;;Privé;ECOLES COMPOSEES UNIQT DE STS ET OU CPGE;;;;48.79225614998042;2.050791570727622;FOR.5337;cyber;5;BTS;brevet de technicien supérieur;BTS services informatiques aux organisations option B : solutions logicielles et applications métiers;BTS SIO SLAM;35340;32032614;http://www.onisep.fr/http/redirection/formation/slug/FOR.;#ff3d3d
0783545E;Ecole Supérieure ENSUP;1 square Benjamin Franklin;;78180 MONTIGNY LE BRETONNEUX;78180;Montigny-le-Bretonneux;Yvelines;Versailles;;;Privé;ECOLES COMPOSEES UNIQT DE STS ET OU CPGE;;;;48.79225614998042;2.050791570727622;FOR.5987;cyber;5;BTS;brevet de technicien supérieur;BTS services informatiques aux organisations option A : solutions d'infrastructure, systèmes et réseaux;BTS SIO SISR;35340;32032613;http://www.onisep.fr/http/redirection/formation/slug/FOR.5987;#ff3d3d
0783545E;Ecole Supérieure ENSUP;1 square Benjamin Franklin;;78180 MONTIGNY LE BRETONNEUX;78180;Montigny-le-Bretonneux;Yvelines;Versailles;;;Privé;ECOLES COMPOSEES UNIQT DE STS ET OU CPGE;;;;48.79225614998042;2.050791570727622;FOR.5337;cyber;5;BTS;brevet de technicien supérieur;BTS services informatiques aux organisations option B : solutions logicielles et applications métiers;BTS SIO SLAM;35340;32032614;http://www.onisep.fr/http/redirection/formation/slug/FOR.;#ff3d3d
0911251R;Lycée Parc des Loges;Boulevard des Champs Elysées;;;91012;Evry-Courcouronnes;Essonne;Versailles;https://www.onisep.fr/http/redirection/etablissement/slug/ENS.964;Lycée;Public;LYCEE ENSEIGNT GENERAL ET TECHNOLOGIQUE;01 60 77 61 72;0911251R@ac-versailles.fr;http://www.lyc-parc-evry.ac-versailles.fr/;48.626017144327726;2.4240720744403896;FOR.5337;cyber;5;BTS;brevet de technicien supérieur;BTS services informatiques aux organisations option B : solutions logicielles et applications métiers;BTS SIO SLAM;35340;32032614;http://www.onisep.fr/http/redirection/formation/slug/FOR.;#ff3d3d
0911251R;Lycée Parc des Loges;Boulevard des Champs Elysées;;;91012;Evry-Courcouronnes;Essonne;Versailles;https://www.onisep.fr/http/redirection/etablissement/slug/ENS.964;Lycée;Public;LYCEE ENSEIGNT GENERAL ET TECHNOLOGIQUE;01 60 77 61 72;0911251R@ac-versailles.fr;http://www.lyc-parc-evry.ac-versailles.fr/;48.626017144327726;2.4240720744403896;FOR.5987;cyber;5;BTS;brevet de technicien supérieur;BTS services informatiques aux organisations option A : solutions d'infrastructure, systèmes et réseaux;BTS SIO SISR;35340;32032613;http://www.onisep.fr/http/redirection/formation/slug/FOR.5987;#ff3d3d
0755724P;Institut Privé Supérieur des Systèmes d'Information;25 rue Claude Tillier;;75012 PARIS;75012;Paris 12e  Arrondissement;Paris;Paris;;;Privé;ECOLES COMPOSEES UNIQT DE STS ET OU CPGE;;;;48.848501589103904;2.388401458528449;FOR.5987;cyber;5;BTS;brevet de technicien supérieur;BTS services informatiques aux organisations option A : solutions d'infrastructure, systèmes et réseaux;BTS SIO SISR;35340;32032613;http://www.onisep.fr/http/redirection/formation/slug/FOR.5987;#ff3d3d
0755724P;Institut Privé Supérieur des Systèmes d'Information;25 rue Claude Tillier;;75012 PARIS;75012;Paris 12e  Arrondissement;Paris;Paris;;;Privé;ECOLES COMPOSEES UNIQT DE STS ET OU CPGE;;;;48.848501589103904;2.388401458528449;FOR.5337;cyber;5;BTS;brevet de technicien supérieur;BTS services informatiques aux organisations option B : solutions logicielles et applications métiers;BTS SIO SLAM;35340;32032614;http://www.onisep.fr/http/redirection/formation/slug/FOR.;#ff3d3d
0932618R;Lycée technologique privé Robert Schuman;5 avenue du Général de Gaulle;;;93440;Dugny;Seine-Saint-Denis;Créteil;https://www.onisep.fr/http/redirection/etablissement/slug/ENS.17544;Lycée;Privé;LYCEE D ENSEIGNEMENT TECHNOLOGIQUE;01 48 37 74 26;administration@lyceerobertschuman.com;http://www.lyceerobertschuman.com/;48.9489464222051;2.41462548035602;FOR.5987;cyber;5;BTS;brevet de technicien supérieur;BTS services informatiques aux organisations option A : solutions d'infrastructure, systèmes et réseaux;BTS SIO SISR;35340;32032613;http://www.onisep.fr/http/redirection/formation/slug/FOR.5987;#ff3d3d
0932618R;Lycée technologique privé Robert Schuman;5 avenue du Général de Gaulle;;;93440;Dugny;Seine-Saint-Denis;Créteil;https://www.onisep.fr/http/redirection/etablissement/slug/ENS.17544;Lycée;Privé;LYCEE D ENSEIGNEMENT TECHNOLOGIQUE;01 48 37 74 26;administration@lyceerobertschuman.com;http://www.lyceerobertschuman.com/;48.9489464222051;2.41462548035602;FOR.5337;cyber;5;BTS;brevet de technicien supérieur;BTS services informatiques aux organisations option B : solutions logicielles et applications métiers;BTS SIO SLAM;35340;32032614;http://www.onisep.fr/http/redirection/formation/slug/FOR.;#ff3d3d
0754042L;Lycée privé Le Rebours;44 boulevard Auguste Blanqui;;;75013;Paris;Paris;Paris;https://www.onisep.fr/http/redirection/etablissement/slug/ENS.3662;Lycée;Privé;LYCEE POLYVALENT;01 55 43 28 88;secretariat@lerebours.org;http://www.lerebours.org;48.83014424738715;2.3504442169888615;FOR.5987;cyber;5;BTS;brevet de technicien supérieur;BTS services informatiques aux organisations option A : solutions d'infrastructure, systèmes et réseaux;BTS SIO SISR;35340;32032613;http://www.onisep.fr/http/redirection/formation/slug/FOR.5987;#ff3d3d
0754042L;Lycée privé Le Rebours;44 boulevard Auguste Blanqui;;;75013;Paris;Paris;Paris;https://www.onisep.fr/http/redirection/etablissement/slug/ENS.3662;Lycée;Privé;LYCEE POLYVALENT;01 55 43 28 88;secretariat@lerebours.org;http://www.lerebours.org;48.83014424738715;2.3504442169888615;FOR.5337;cyber;5;BTS;brevet de technicien supérieur;BTS services informatiques aux organisations option B : solutions logicielles et applications métiers;BTS SIO SLAM;35340;32032614;http://www.onisep.fr/http/redirection/formation/slug/FOR.;#ff3d3d
0750712S;Lycée Diderot;61 rue David d'Angers;;;75019;Paris;Paris;Paris;https://www.onisep.fr/http/redirection/etablissement/slug/ENS.15576;Lycée;Public;LYCEE POLYVALENT;01 40 40 36 36;ce.0750712S@ac-paris.fr;http://www.diderot.org;48.88151208852299;2.39587754134031;FOR.8473;cyber;5;BTS;brevet de technicien supérieur;BTS cybersécurité, informatique et réseaux, électronique option B électronique et réseaux;CIEL ER;37391;32025521;http://www.onisep.fr/http/redirection/formation/slug/FOR.8473;#ff3d3d
0750712S;Lycée Diderot;61 rue David d'Angers;;;75019;Paris;Paris;Paris;https://www.onisep.fr/http/redirection/etablissement/slug/ENS.15576;Lycée;Public;LYCEE POLYVALENT;01 40 40 36 36;ce.0750712S@ac-paris.fr;http://www.diderot.org;48.88151208852299;2.39587754134031;FOR.8472;cyber;5;BTS;brevet de technicien supérieur;BTS cybersécurité, informatique et réseaux, électronique option A informatique et réseaux;CIEL IR;37391;32020116;http://www.onisep.fr/http/redirection/formation/slug/FOR.8472;#ff3d3d
0750707L;Ecole nationale de commerce;70 boulevard Bessières;;;75017;Paris;Paris;Paris;https://www.onisep.fr/http/redirection/etablissement/slug/ENS.6093;Lycée;Public;LYCEE D ENSEIGNEMENT TECHNOLOGIQUE;01 44 85 85 00;ce.0750707L@ac-paris.fr;http://www.enc-bessieres.org;48.89725568365589;2.3207037852287247;FOR.5987;cyber;5;BTS;brevet de technicien supérieur;BTS services informatiques aux organisations option A : solutions d'infrastructure, systèmes et réseaux;BTS SIO SISR;35340;32032613;http://www.onisep.fr/http/redirection/formation/slug/FOR.5987;#ff3d3d
0750707L;Ecole nationale de commerce;70 boulevard Bessières;;;75017;Paris;Paris;Paris;https://www.onisep.fr/http/redirection/etablissement/slug/ENS.6093;Lycée;Public;LYCEE D ENSEIGNEMENT TECHNOLOGIQUE;01 44 85 85 00;ce.0750707L@ac-paris.fr;http://www.enc-bessieres.org;48.89725568365589;2.3207037852287247;FOR.5337;cyber;5;BTS;brevet de technicien supérieur;BTS services informatiques aux organisations option B : solutions logicielles et applications métiers;BTS SIO SLAM;35340;32032614;http://www.onisep.fr/http/redirection/formation/slug/FOR.;#ff3d3d
0770922J;Lycée Gaston Bachelard;32 avenue de l'Europe;BP 25 B;;77500;Chelles;Seine-et-Marne;Créteil;https://www.onisep.fr/http/redirection/etablissement/slug/ENS.6885;Lycée;Public;LYCEE ENSEIGNT GENERAL ET TECHNOLOGIQUE;01 64 72 88 88;ce.0770922j@ac-creteil.fr;http://www.lyceebachelardchelles.fr/;48.88331912136845;2.6127267806892163;FOR.8472;cyber;5;BTS;brevet de technicien supérieur;BTS cybersécurité, informatique et réseaux, électronique option A informatique et réseaux;CIEL IR;37391;32020116;http://www.onisep.fr/http/redirection/formation/slug/FOR.8472;#ff3d3d
0931797Y;Lycée polyvalent privé La Salle Saint-Denis;6-8 place de la Résistance;;;93200;Saint-Denis;Seine-Saint-Denis;Créteil;https://www.onisep.fr/http/redirection/etablissement/slug/ENS.15152;Lycée;Privé;LYCEE POLYVALENT;01 55 87 45 00;contact@lasallesaintdenis.com;https://www.lasallesaintdenis.com;48.93281417844132;2.3550342810074176;FOR.8472;cyber;5;BTS;brevet de technicien supérieur;BTS cybersécurité, informatique et réseaux, électronique option A informatique et réseaux;CIEL IR;37391;32020116;http://www.onisep.fr/http/redirection/formation/slug/FOR.8472;#ff3d3d
0940113M;Lycée Langevin Wallon;126 avenue Roger Salengro;;;94500;Champigny-sur-Marne;Val-de-Marne;Créteil;https://www.onisep.fr/http/redirection/etablissement/slug/ENS.14932;Lycée;Public;LYCEE POLYVALENT;01 48 81 28 33;ce.0940113M@ac-creteil.fr;http://www.lycee-langevin-wallon.com;48.816826741365325;2.498317131240832;FOR.8472;cyber;5;BTS;brevet de technicien supérieur;BTS cybersécurité, informatique et réseaux, électronique option A informatique et réseaux;CIEL IR;37391;32020116;http://www.onisep.fr/http/redirection/formation/slug/FOR.8472;#ff3d3d
0771238C;Lycée Saint-Aspais;36 rue Saint-Barthélemy;CS 20179;;77007;Melun;Seine-et-Marne;Créteil;https://www.onisep.fr/http/redirection/etablissement/slug/ENS.12881;Lycée;Privé;LYCEE POLYVALENT;01 60 56 59 59;secretariat@institutionsaintaspais.fr;http://www.institutionsaintaspais.fr;48.542187019437556;2.6554008685423067;FOR.5987;cyber;5;BTS;brevet de technicien supérieur;BTS services informatiques aux organisations option A : solutions d'infrastructure, systèmes et réseaux;BTS SIO SISR;35340;32032613;http://www.onisep.fr/http/redirection/formation/slug/FOR.5987;#ff3d3d
0771238C;Lycée Saint-Aspais;36 rue Saint-Barthélemy;CS 20179;;77007;Melun;Seine-et-Marne;Créteil;https://www.onisep.fr/http/redirection/etablissement/slug/ENS.12881;Lycée;Privé;LYCEE POLYVALENT;01 60 56 59 59;secretariat@institutionsaintaspais.fr;http://www.institutionsaintaspais.fr;48.542187019437556;2.6554008685423067;FOR.5337;cyber;5;BTS;brevet de technicien supérieur;BTS services informatiques aux organisations option B : solutions logicielles et applications métiers;BTS SIO SLAM;35340;32032614;http://www.onisep.fr/http/redirection/formation/slug/FOR.;#ff3d3d
0940118T;Lycée Louis Armand;173 boulevard de Strasbourg;;;94130;Nogent-sur-Marne;Val-de-Marne;Créteil;https://www.onisep.fr/http/redirection/etablissement/slug/ENS.12213;Lycée;Public;LYCEE POLYVALENT;01 45 14 28 28;ce.0940118T@ac-creteil.fr;http://www.larmand.fr;48.8467161140249;2.4913060633969635;FOR.8473;cyber;5;BTS;brevet de technicien supérieur;BTS cybersécurité, informatique et réseaux, électronique option B électronique et réseaux;CIEL ER;37391;32025521;http://www.onisep.fr/http/redirection/formation/slug/FOR.8473;#ff3d3d
0940118T;Lycée Louis Armand;173 boulevard de Strasbourg;;;94130;Nogent-sur-Marne;Val-de-Marne;Créteil;https://www.onisep.fr/http/redirection/etablissement/slug/ENS.12213;Lycée;Public;LYCEE POLYVALENT;01 45 14 28 28;ce.0940118T@ac-creteil.fr;http://www.larmand.fr;48.8467161140249;2.4913060633969635;FOR.8472;cyber;5;BTS;brevet de technicien supérieur;BTS cybersécurité, informatique et réseaux, électronique option A informatique et réseaux;CIEL IR;37391;32020116;http://www.onisep.fr/http/redirection/formation/slug/FOR.8472;#ff3d3d
0940118T;Lycée Louis Armand;173 boulevard de Strasbourg;;;94130;Nogent-sur-Marne;Val-de-Marne;Créteil;https://www.onisep.fr/http/redirection/etablissement/slug/ENS.12213;Lycée;Public;LYCEE POLYVALENT;01 45 14 28 28;ce.0940118T@ac-creteil.fr;http://www.larmand.fr;48.8467161140249;2.4913060633969635;FOR.5987;cyber;5;BTS;brevet de technicien supérieur;BTS services informatiques aux organisations option A : solutions d'infrastructure, systèmes et réseaux;BTS SIO SISR;35340;32032613;http://www.onisep.fr/http/redirection/formation/slug/FOR.5987;#ff3d3d
0940118T;Lycée Louis Armand;173 boulevard de Strasbourg;;;94130;Nogent-sur-Marne;Val-de-Marne;Créteil;https://www.onisep.fr/http/redirection/etablissement/slug/ENS.12213;Lycée;Public;LYCEE POLYVALENT;01 45 14 28 28;ce.0940118T@ac-creteil.fr;http://www.larmand.fr;48.8467161140249;2.4913060633969635;FOR.5337;cyber;5;BTS;brevet de technicien supérieur;BTS services informatiques aux organisations option B : solutions logicielles et applications métiers;BTS SIO SLAM;35340;32032614;http://www.onisep.fr/http/redirection/formation/slug/FOR.;#ff3d3d
0772223Y;Lycée René Descartes;4 boulevard Copernic;;;77420;Champs-sur-Marne;Seine-et-Marne;Créteil;https://www.onisep.fr/http/redirection/etablissement/slug/ENS.4072;Lycée;Public;LYCEE POLYVALENT;01 64 68 25 07;ce.0772223y@ac-creteil.fr;https://www.rene-descartes.fr/;48.84485873497132;2.5859255385350295;FOR.5337;cyber;5;BTS;brevet de technicien supérieur;BTS services informatiques aux organisations option B : solutions logicielles et applications métiers;BTS SIO SLAM;35340;32032614;http://www.onisep.fr/http/redirection/formation/slug/FOR.;#ff3d3d
0772223Y;Lycée René Descartes;4 boulevard Copernic;;;77420;Champs-sur-Marne;Seine-et-Marne;Créteil;https://www.onisep.fr/http/redirection/etablissement/slug/ENS.4072;Lycée;Public;LYCEE POLYVALENT;01 64 68 25 07;ce.0772223y@ac-creteil.fr;https://www.rene-descartes.fr/;48.84485873497132;2.5859255385350295;FOR.5987;cyber;5;BTS;brevet de technicien supérieur;BTS services informatiques aux organisations option A : solutions d'infrastructure, systèmes et réseaux;BTS SIO SISR;35340;32032613;http://www.onisep.fr/http/redirection/formation/slug/FOR.5987;#ff3d3d
0770934X;Lycée polyvalent Léonard de Vinci;2 bis rue Edouard Branly;;;77000;Melun;Seine-et-Marne;Créteil;https://www.onisep.fr/http/redirection/etablissement/slug/ENS.8908;Lycée;Public;LYCEE POLYVALENT;01 60 56 60 60;ce.0770934x@ac-creteil.fr;http://www.vinci-melun.org;48.55108679994959;2.659903143940967;FOR.5987;cyber;5;BTS;brevet de technicien supérieur;BTS services informatiques aux organisations option A : solutions d'infrastructure, systèmes et réseaux;BTS SIO SISR;35340;32032613;http://www.onisep.fr/http/redirection/formation/slug/FOR.5987;#ff3d3d
0770934X;Lycée polyvalent Léonard de Vinci;2 bis rue Edouard Branly;;;77000;Melun;Seine-et-Marne;Créteil;https://www.onisep.fr/http/redirection/etablissement/slug/ENS.8908;Lycée;Public;LYCEE POLYVALENT;01 60 56 60 60;ce.0770934x@ac-creteil.fr;http://www.vinci-melun.org;48.55108679994959;2.659903143940967;FOR.5337;cyber;5;BTS;brevet de technicien supérieur;BTS services informatiques aux organisations option B : solutions logicielles et applications métiers;BTS SIO SLAM;35340;32032614;http://www.onisep.fr/http/redirection/formation/slug/FOR.;#ff3d3d
0930126G;Lycée polyvalent Auguste Blanqui;54 rue Charles Schmidt;BP 196;;93400;Saint-Ouen;Seine-Saint-Denis;Créteil;https://www.onisep.fr/http/redirection/etablissement/slug/ENS.4177;Lycée;Public;LYCEE POLYVALENT;01 49 18 16 80;ce.0930126G@ac-creteil.fr;http://lyceeaugusteblanqui.fr;48.90303260775702;2.333941143279612;FOR.5987;cyber;5;BTS;brevet de technicien supérieur;BTS services informatiques aux organisations option A : solutions d'infrastructure, systèmes et réseaux;BTS SIO SISR;35340;32032613;http://www.onisep.fr/http/redirection/formation/slug/FOR.5987;#ff3d3d
0930126G;Lycée polyvalent Auguste Blanqui;54 rue Charles Schmidt;BP 196;;93400;Saint-Ouen;Seine-Saint-Denis;Créteil;https://www.onisep.fr/http/redirection/etablissement/slug/ENS.4177;Lycée;Public;LYCEE POLYVALENT;01 49 18 16 80;ce.0930126G@ac-creteil.fr;http://lyceeaugusteblanqui.fr;48.90303260775702;2.333941143279612;FOR.5337;cyber;5;BTS;brevet de technicien supérieur;BTS services informatiques aux organisations option B : solutions logicielles et applications métiers;BTS SIO SLAM;35340;32032614;http://www.onisep.fr/http/redirection/formation/slug/FOR.;#ff3d3d
0930125F;Lycée Paul Eluard;15-17 avenue Jean Moulin;;;93200;Saint-Denis;Seine-Saint-Denis;Créteil;https://www.onisep.fr/http/redirection/etablissement/slug/ENS.10067;Lycée;Public;LYCEE ENSEIGNT GENERAL ET TECHNOLOGIQUE;01 49 71 70 00;ce.0930125F@ac-creteil.fr;http://www.lyceepauleluard.fr;48.9412972594893;2.364486504485791;FOR.8473;cyber;5;BTS;brevet de technicien supérieur;BTS cybersécurité, informatique et réseaux, électronique option B électronique et réseaux;CIEL ER;37391;32025521;http://www.onisep.fr/http/redirection/formation/slug/FOR.8473;#ff3d3d
0930125F;Lycée Paul Eluard;15-17 avenue Jean Moulin;;;93200;Saint-Denis;Seine-Saint-Denis;Créteil;https://www.onisep.fr/http/redirection/etablissement/slug/ENS.10067;Lycée;Public;LYCEE ENSEIGNT GENERAL ET TECHNOLOGIQUE;01 49 71 70 00;ce.0930125F@ac-creteil.fr;http://www.lyceepauleluard.fr;48.9412972594893;2.364486504485791;FOR.8472;cyber;5;BTS;brevet de technicien supérieur;BTS cybersécurité, informatique et réseaux, électronique option A informatique et réseaux;CIEL IR;37391;32020116;http://www.onisep.fr/http/redirection/formation/slug/FOR.8472;#ff3d3d
0920144G;Lycée Agora;120 rue de Verdun;;;92800;Puteaux;Hauts-de-Seine;Versailles;https://www.onisep.fr/http/redirection/etablissement/slug/ENS.9287;Lycée;Public;LYCEE ENSEIGNT GENERAL ET TECHNOLOGIQUE;01 45 06 06 41;ce.0920144g@ac-versailles.fr;http://www.lyc-agora-puteaux.ac-versailles.fr/;48.8781270152994;2.2347074545536483;FOR.8472;cyber;5;BTS;brevet de technicien supérieur;BTS cybersécurité, informatique et réseaux, électronique option A informatique et réseaux;CIEL IR;37391;32020116;http://www.onisep.fr/http/redirection/formation/slug/FOR.8472;#ff3d3d
0931272C;Lycée Gustave Eiffel;16 chemin de la Renardière;;;93220;Gagny;Seine-Saint-Denis;Créteil;https://www.onisep.fr/http/redirection/etablissement/slug/ENS.4173;Lycée;Public;LYCEE ENSEIGNT GENERAL ET TECHNOLOGIQUE;01 43 02 80 36;ce.0931272C@ac-creteil.fr;http://www.eiffel-gagny.org;48.88870710130037;2.5412578188344055;FOR.8473;cyber;5;BTS;brevet de technicien supérieur;BTS cybersécurité, informatique et réseaux, électronique option B électronique et réseaux;CIEL ER;37391;32025521;http://www.onisep.fr/http/redirection/formation/slug/FOR.8473;#ff3d3d
0931272C;Lycée Gustave Eiffel;16 chemin de la Renardière;;;93220;Gagny;Seine-Saint-Denis;Créteil;https://www.onisep.fr/http/redirection/etablissement/slug/ENS.4173;Lycée;Public;LYCEE ENSEIGNT GENERAL ET TECHNOLOGIQUE;01 43 02 80 36;ce.0931272C@ac-creteil.fr;http://www.eiffel-gagny.org;48.88870710130037;2.5412578188344055;FOR.8472;cyber;5;BTS;brevet de technicien supérieur;BTS cybersécurité, informatique et réseaux, électronique option A informatique et réseaux;CIEL IR;37391;32020116;http://www.onisep.fr/http/redirection/formation/slug/FOR.8472;#ff3d3d
0755931P;INSTA  Institut National Supérieur des Technologies Avancées et de la comptabilité;17 rue Linné;;75005 PARIS;75005;Paris  5e  Arrondissement;Paris;Paris;;;Privé;ECOLES COMPOSEES UNIQT DE STS ET OU CPGE;;;;48.844841440021554;2.354550575930459;FOR.5337;cyber;5;BTS;brevet de technicien supérieur;BTS services informatiques aux organisations option B : solutions logicielles et applications métiers;BTS SIO SLAM;35340;32032614;http://www.onisep.fr/http/redirection/formation/slug/FOR.;#ff3d3d
0755931P;INSTA  Institut National Supérieur des Technologies Avancées et de la comptabilité;17 rue Linné;;75005 PARIS;75005;Paris  5e  Arrondissement;Paris;Paris;;;Privé;ECOLES COMPOSEES UNIQT DE STS ET OU CPGE;;;;48.844841440021554;2.354550575930459;FOR.5987;cyber;5;BTS;brevet de technicien supérieur;BTS services informatiques aux organisations option A : solutions d'infrastructure, systèmes et réseaux;BTS SIO SISR;35340;32032613;http://www.onisep.fr/http/redirection/formation/slug/FOR.5987;#ff3d3d
0910620E;Lycée Robert Doisneau;89 avenue Serge Dassault;;;91813;Corbeil-Essonnes;Essonne;Versailles;https://www.onisep.fr/http/redirection/etablissement/slug/ENS.15207;Lycée;Public;LYCEE POLYVALENT;01 60 88 81 81;0910620E@ac-versailles.fr;http://www.lyc-doisneau-corbeil.ac-versailles.fr;48.61309766332666;2.4592777190707977;FOR.8472;cyber;5;BTS;brevet de technicien supérieur;BTS cybersécurité, informatique et réseaux, électronique option A informatique et réseaux;CIEL IR;37391;32020116;http://www.onisep.fr/http/redirection/formation/slug/FOR.8472;#ff3d3d
0780582J;Lycée Jean Vilar;1033 avenue du Général de Gaulle;;;78370;Plaisir;Yvelines;Versailles;https://www.onisep.fr/http/redirection/etablissement/slug/ENS.1652;Lycée;Public;LYCEE ENSEIGNT GENERAL ET TECHNOLOGIQUE;01 30 55 18 77;0780582j@ac-versailles.fr;http://www.lyc-vilar-plaisir.ac-versailles.fr;48.82347544878373;1.9587495019230712;FOR.5337;cyber;5;BTS;brevet de technicien supérieur;BTS services informatiques aux organisations option B : solutions logicielles et applications métiers;BTS SIO SLAM;35340;32032614;http://www.onisep.fr/http/redirection/formation/slug/FOR.;#ff3d3d
0780582J;Lycée Jean Vilar;1033 avenue du Général de Gaulle;;;78370;Plaisir;Yvelines;Versailles;https://www.onisep.fr/http/redirection/etablissement/slug/ENS.1652;Lycée;Public;LYCEE ENSEIGNT GENERAL ET TECHNOLOGIQUE;01 30 55 18 77;0780582j@ac-versailles.fr;http://www.lyc-vilar-plaisir.ac-versailles.fr;48.82347544878373;1.9587495019230712;FOR.5987;cyber;5;BTS;brevet de technicien supérieur;BTS services informatiques aux organisations option A : solutions d'infrastructure, systèmes et réseaux;BTS SIO SISR;35340;32032613;http://www.onisep.fr/http/redirection/formation/slug/FOR.5987;#ff3d3d
0771027Y;Lycée polyvalent Frédéric Joliot-Curie;168 rue Frédéric Joliot-Curie;BP 36;;77196;Dammarie-les-Lys;Seine-et-Marne;Créteil;https://www.onisep.fr/http/redirection/etablissement/slug/ENS.14374;Lycée;Public;LYCEE POLYVALENT;01 64 39 34 34;ce.0771027y@ac-creteil.fr;http://www.lyceejoliotcurie77.fr;48.519074047945075;2.648301348133944;FOR.3732;sécu;5;BTS;brevet de technicien supérieur;BTS Management opérationnel de la sécurité;MOS;35393;32034401;http://www.onisep.fr/http/redirection/formation/slug/FOR.3732;#3dff3d
0910727W;Lycée Parc de Vilgénis;80 rue de Versailles;BP 112;;91300;Massy;Essonne;Versailles;https://www.onisep.fr/http/redirection/etablissement/slug/ENS.5786;Lycée;Public;LYCEE POLYVALENT;01 69 53 74 00;0910727w@ac-versailles.fr;http://www.vilgenis.fr;48.73154786458686;2.254524266984075;FOR.5987;cyber;5;BTS;brevet de technicien supérieur;BTS services informatiques aux organisations option A : solutions d'infrastructure, systèmes et réseaux;BTS SIO SISR;35340;32032613;http://www.onisep.fr/http/redirection/formation/slug/FOR.5987;#ff3d3d
0910727W;Lycée Parc de Vilgénis;80 rue de Versailles;BP 112;;91300;Massy;Essonne;Versailles;https://www.onisep.fr/http/redirection/etablissement/slug/ENS.5786;Lycée;Public;LYCEE POLYVALENT;01 69 53 74 00;0910727w@ac-versailles.fr;http://www.vilgenis.fr;48.73154786458686;2.254524266984075;FOR.8472;cyber;5;BTS;brevet de technicien supérieur;BTS cybersécurité, informatique et réseaux, électronique option A informatique et réseaux;CIEL IR;37391;32020116;http://www.onisep.fr/http/redirection/formation/slug/FOR.8472;#ff3d3d
0910727W;Lycée Parc de Vilgénis;80 rue de Versailles;BP 112;;91300;Massy;Essonne;Versailles;https://www.onisep.fr/http/redirection/etablissement/slug/ENS.5786;Lycée;Public;LYCEE POLYVALENT;01 69 53 74 00;0910727w@ac-versailles.fr;http://www.vilgenis.fr;48.73154786458686;2.254524266984075;FOR.5337;cyber;5;BTS;brevet de technicien supérieur;BTS services informatiques aux organisations option B : solutions logicielles et applications métiers;BTS SIO SLAM;35340;32032614;http://www.onisep.fr/http/redirection/formation/slug/FOR.;#ff3d3d
0910622G;Lycée Geoffroy- Saint-Hilaire;2-6 avenue Geoffroy-Saint-Hilaire;;;91150;Etampes;Essonne;Versailles;https://www.onisep.fr/http/redirection/etablissement/slug/ENS.8886;Lycée;Public;LYCEE POLYVALENT;01 69 92 17 70;0910622G@ac-versailles.fr;https://www.lgsh.fr/;48.43576341133633;2.1502164003404873;FOR.5337;cyber;5;BTS;brevet de technicien supérieur;BTS services informatiques aux organisations option B : solutions logicielles et applications métiers;BTS SIO SLAM;35340;32032614;http://www.onisep.fr/http/redirection/formation/slug/FOR.;#ff3d3d
0910622G;Lycée Geoffroy- Saint-Hilaire;2-6 avenue Geoffroy-Saint-Hilaire;;;91150;Etampes;Essonne;Versailles;https://www.onisep.fr/http/redirection/etablissement/slug/ENS.8886;Lycée;Public;LYCEE POLYVALENT;01 69 92 17 70;0910622G@ac-versailles.fr;https://www.lgsh.fr/;48.43576341133633;2.1502164003404873;FOR.5987;cyber;5;BTS;brevet de technicien supérieur;BTS services informatiques aux organisations option A : solutions d'infrastructure, systèmes et réseaux;BTS SIO SISR;35340;32032613;http://www.onisep.fr/http/redirection/formation/slug/FOR.5987;#ff3d3d
0931584S;Lycée polyvalent Jean Rostand;8 rue Pierre Audat;;;93420;Villepinte;Seine-Saint-Denis;Créteil;https://www.onisep.fr/http/redirection/etablissement/slug/ENS.10711;Lycée;Public;LYCEE POLYVALENT;01 49 36 24 44;ce.0931584S@ac-creteil.fr;;48.96013097773987;2.5465449256491284;FOR.8472;cyber;5;BTS;brevet de technicien supérieur;BTS cybersécurité, informatique et réseaux, électronique option A informatique et réseaux;CIEL IR;37391;32020116;http://www.onisep.fr/http/redirection/formation/slug/FOR.8472;#ff3d3d
0920894X;Lycée Saint-Gabriel;21 rue de la Lisette;;;92220;Bagneux;Hauts-de-Seine;Versailles;https://www.onisep.fr/http/redirection/etablissement/slug/ENS.7206;Lycée;Privé;LYCEE ENSEIGNT GENERAL ET TECHNOLOGIQUE;01 46 57 61 22;inscription.st-gabriel@apprentis-auteuil.org;http://saint-gabriel.apprentis-auteuil.org;48.7929443705192;2.3008193855664767;FOR.5987;cyber;5;BTS;brevet de technicien supérieur;BTS services informatiques aux organisations option A : solutions d'infrastructure, systèmes et réseaux;BTS SIO SISR;35340;32032613;http://www.onisep.fr/http/redirection/formation/slug/FOR.5987;#ff3d3d
0920894X;Lycée Saint-Gabriel;21 rue de la Lisette;;;92220;Bagneux;Hauts-de-Seine;Versailles;https://www.onisep.fr/http/redirection/etablissement/slug/ENS.7206;Lycée;Privé;LYCEE ENSEIGNT GENERAL ET TECHNOLOGIQUE;01 46 57 61 22;inscription.st-gabriel@apprentis-auteuil.org;http://saint-gabriel.apprentis-auteuil.org;48.7929443705192;2.3008193855664767;FOR.5337;cyber;5;BTS;brevet de technicien supérieur;BTS services informatiques aux organisations option B : solutions logicielles et applications métiers;BTS SIO SLAM;35340;32032614;http://www.onisep.fr/http/redirection/formation/slug/FOR.;#ff3d3d
0754440U;Institut des techniques informatiques et commerciales;190 bis boulevard de Charonne;;75020 PARIS;75020;Paris 20e  Arrondissement;Paris;Paris;;;Privé;ECOLES COMPOSEES UNIQT DE STS ET OU CPGE;;;;48.85792873064949;2.3923142591272337;FOR.5987;cyber;5;BTS;brevet de technicien supérieur;BTS services informatiques aux organisations option A : solutions d'infrastructure, systèmes et réseaux;BTS SIO SISR;35340;32032613;http://www.onisep.fr/http/redirection/formation/slug/FOR.5987;#ff3d3d
0754440U;Institut des techniques informatiques et commerciales;190 bis boulevard de Charonne;;75020 PARIS;75020;Paris 20e  Arrondissement;Paris;Paris;;;Privé;ECOLES COMPOSEES UNIQT DE STS ET OU CPGE;;;;48.85792873064949;2.3923142591272337;FOR.5337;cyber;5;BTS;brevet de technicien supérieur;BTS services informatiques aux organisations option B : solutions logicielles et applications métiers;BTS SIO SLAM;35340;32032614;http://www.onisep.fr/http/redirection/formation/slug/FOR.;#ff3d3d
0750676C;Lycée polyvalent Dorian;74 avenue Philippe Auguste;;;75011;Paris;Paris;Paris;https://www.onisep.fr/http/redirection/etablissement/slug/ENS.5145;Lycée;Public;LYCEE POLYVALENT;01 44 93 81 30;ce.0750676c@ac-paris.fr;http://lyc-dorian.ac-paris.fr;48.85440198778214;2.392412630364061;FOR.8472;cyber;5;BTS;brevet de technicien supérieur;BTS cybersécurité, informatique et réseaux, électronique option A informatique et réseaux;CIEL IR;37391;32020116;http://www.onisep.fr/http/redirection/formation/slug/FOR.8472;#ff3d3d
0750676C;Lycée polyvalent Dorian;74 avenue Philippe Auguste;;;75011;Paris;Paris;Paris;https://www.onisep.fr/http/redirection/etablissement/slug/ENS.5145;Lycée;Public;LYCEE POLYVALENT;01 44 93 81 30;ce.0750676c@ac-paris.fr;http://lyc-dorian.ac-paris.fr;48.85440198778214;2.392412630364061;FOR.8473;cyber;5;BTS;brevet de technicien supérieur;BTS cybersécurité, informatique et réseaux, électronique option B électronique et réseaux;CIEL ER;37391;32025521;http://www.onisep.fr/http/redirection/formation/slug/FOR.8473;#ff3d3d
0750676C;Lycée polyvalent Dorian;74 avenue Philippe Auguste;;;75011;Paris;Paris;Paris;https://www.onisep.fr/http/redirection/etablissement/slug/ENS.5145;Lycée;Public;LYCEE POLYVALENT;01 44 93 81 30;ce.0750676c@ac-paris.fr;http://lyc-dorian.ac-paris.fr;48.85440198778214;2.392412630364061;FOR.8473;cyber;5;BTS;brevet de technicien supérieur;BTS cybersécurité, informatique et réseaux, électronique option B électronique et réseaux;CIEL ER;37391;32025521;http://www.onisep.fr/http/redirection/formation/slug/FOR.8473;#ff3d3d
0941952L;Lycée François Arago;36 avenue de l'Europe;;;94190;Villeneuve-Saint-Georges;Val-de-Marne;Créteil;https://www.onisep.fr/http/redirection/etablissement/slug/ENS.4071;Lycée;Public;LYCEE POLYVALENT;01 45 10 87 00;ce.0941952L@ac-creteil.fr;http://www.lycee-arago.fr/;48.730784017182465;2.4579412438695334;FOR.3732;sécu;5;BTS;brevet de technicien supérieur;BTS Management opérationnel de la sécurité;MOS;35393;32034401;http://www.onisep.fr/http/redirection/formation/slug/FOR.3732;#3dff3d
0930117X;Lycée Le Corbusier;44 rue Léopold Rechossiere;;;93300;Aubervilliers;Seine-Saint-Denis;Créteil;https://www.onisep.fr/http/redirection/etablissement/slug/ENS.15037;Lycée;Public;LYCEE ENSEIGNT GENERAL ET TECHNOLOGIQUE;01 48 33 74 57;ce.0930117x@ac-creteil.fr;https://www.lgtlecorbusier.org/;48.91446163195137;2.3902951798257757;FOR.8472;cyber;5;BTS;brevet de technicien supérieur;BTS cybersécurité, informatique et réseaux, électronique option A informatique et réseaux;CIEL IR;37391;32020116;http://www.onisep.fr/http/redirection/formation/slug/FOR.8472;#ff3d3d
0951824S;Lycée de l'Hautil;1 rue Gabriel Fauré;;;95280;Jouy-le-Moutier;Val-d'Oise;Versailles;https://www.onisep.fr/http/redirection/etablissement/slug/ENS.14192;Lycée;Public;LYCEE POLYVALENT;01 34 32 71 71;0951824s@ac-versailles.fr;http://www.lyc-hautil-jouy.ac-versailles.fr;49.009759301761505;2.0263271559548857;FOR.5987;cyber;5;BTS;brevet de technicien supérieur;BTS services informatiques aux organisations option A : solutions d'infrastructure, systèmes et réseaux;BTS SIO SISR;35340;32032613;http://www.onisep.fr/http/redirection/formation/slug/FOR.5987;#ff3d3d
0951824S;Lycée de l'Hautil;1 rue Gabriel Fauré;;;95280;Jouy-le-Moutier;Val-d'Oise;Versailles;https://www.onisep.fr/http/redirection/etablissement/slug/ENS.14192;Lycée;Public;LYCEE POLYVALENT;01 34 32 71 71;0951824s@ac-versailles.fr;http://www.lyc-hautil-jouy.ac-versailles.fr;49.009759301761505;2.0263271559548857;FOR.5337;cyber;5;BTS;brevet de technicien supérieur;BTS services informatiques aux organisations option B : solutions logicielles et applications métiers;BTS SIO SLAM;35340;32032614;http://www.onisep.fr/http/redirection/formation/slug/FOR.;#ff3d3d
0920138A;Lycée Paul Lapie;5 boulevard Aristide Briand;;;92400;Courbevoie;Hauts-de-Seine;Versailles;https://www.onisep.fr/http/redirection/etablissement/slug/ENS.12588;Lycée;Public;LYCEE ENSEIGNT GENERAL ET TECHNOLOGIQUE;01 41 88 03 70;0920138A@ac-versailles.fr;http://www.lyc-lapie-courbevoie.ac-versailles.fr;48.899480336654825;2.258061527632669;FOR.5337;cyber;5;BTS;brevet de technicien supérieur;BTS services informatiques aux organisations option B : solutions logicielles et applications métiers;BTS SIO SLAM;35340;32032614;http://www.onisep.fr/http/redirection/formation/slug/FOR.;#ff3d3d
0920138A;Lycée Paul Lapie;5 boulevard Aristide Briand;;;92400;Courbevoie;Hauts-de-Seine;Versailles;https://www.onisep.fr/http/redirection/etablissement/slug/ENS.12588;Lycée;Public;LYCEE ENSEIGNT GENERAL ET TECHNOLOGIQUE;01 41 88 03 70;0920138A@ac-versailles.fr;http://www.lyc-lapie-courbevoie.ac-versailles.fr;48.899480336654825;2.258061527632669;FOR.5987;cyber;5;BTS;brevet de technicien supérieur;BTS services informatiques aux organisations option A : solutions d'infrastructure, systèmes et réseaux;BTS SIO SISR;35340;32032613;http://www.onisep.fr/http/redirection/formation/slug/FOR.5987;#ff3d3d
0950648N;Lycée Jean Jacques Rousseau;20 rue de Jaigny;;;95160;Montmorency;Val-d'Oise;Versailles;https://www.onisep.fr/http/redirection/etablissement/slug/ENS.13993;Lycée;Public;LYCEE ENSEIGNT GENERAL ET TECHNOLOGIQUE;01 34 05 12 50;0950648n@ac-versailles.fr;http://www.lyc-rousseau-montmorency.ac-versailles.fr;48.99019475964912;2.3176988452567544;FOR.5987;cyber;5;BTS;brevet de technicien supérieur;BTS services informatiques aux organisations option A : solutions d'infrastructure, systèmes et réseaux;BTS SIO SISR;35340;32032613;http://www.onisep.fr/http/redirection/formation/slug/FOR.5987;#ff3d3d
0950648N;Lycée Jean Jacques Rousseau;20 rue de Jaigny;;;95160;Montmorency;Val-d'Oise;Versailles;https://www.onisep.fr/http/redirection/etablissement/slug/ENS.13993;Lycée;Public;LYCEE ENSEIGNT GENERAL ET TECHNOLOGIQUE;01 34 05 12 50;0950648n@ac-versailles.fr;http://www.lyc-rousseau-montmorency.ac-versailles.fr;48.99019475964912;2.3176988452567544;FOR.5337;cyber;5;BTS;brevet de technicien supérieur;BTS services informatiques aux organisations option B : solutions logicielles et applications métiers;BTS SIO SLAM;35340;32032614;http://www.onisep.fr/http/redirection/formation/slug/FOR.;#ff3d3d
0750647W;Lycée Turgot;69 rue de Turbigo;;;75003;Paris;Paris;Paris;https://www.onisep.fr/http/redirection/etablissement/slug/ENS.17980;Lycée;Public;LYCEE ENSEIGNT GENERAL ET TECHNOLOGIQUE;01 53 01 14 10;ce.0750647w@ac-paris.fr;http://lyc-turgot.ac-paris.fr;48.86619264109878;2.358843148100717;FOR.5987;cyber;5;BTS;brevet de technicien supérieur;BTS services informatiques aux organisations option A : solutions d'infrastructure, systèmes et réseaux;BTS SIO SISR;35340;32032613;http://www.onisep.fr/http/redirection/formation/slug/FOR.5987;#ff3d3d
0750647W;Lycée Turgot;69 rue de Turbigo;;;75003;Paris;Paris;Paris;https://www.onisep.fr/http/redirection/etablissement/slug/ENS.17980;Lycée;Public;LYCEE ENSEIGNT GENERAL ET TECHNOLOGIQUE;01 53 01 14 10;ce.0750647w@ac-paris.fr;http://lyc-turgot.ac-paris.fr;48.86619264109878;2.358843148100717;FOR.5337;cyber;5;BTS;brevet de technicien supérieur;BTS services informatiques aux organisations option B : solutions logicielles et applications métiers;BTS SIO SLAM;35340;32032614;http://www.onisep.fr/http/redirection/formation/slug/FOR.;#ff3d3d
0750711R;Lycée Bergson-Jacquard;27 rue Edouard Pailleron;;;75019;Paris;Paris;Paris;https://www.onisep.fr/http/redirection/etablissement/slug/ENS.11949;Lycée;Public;LYCEE ENSEIGNT GENERAL ET TECHNOLOGIQUE;01 42 02 06 36;ce.0750711R@ac-paris.fr;http://lyc-jacquard.ac-paris.fr;48.88112074883683;2.377938887612686;FOR.8472;cyber;5;BTS;brevet de technicien supérieur;BTS cybersécurité, informatique et réseaux, électronique option A informatique et réseaux;CIEL IR;37391;32020116;http://www.onisep.fr/http/redirection/formation/slug/FOR.8472;#ff3d3d
0750711R;Lycée Bergson-Jacquard;27 rue Edouard Pailleron;;;75019;Paris;Paris;Paris;https://www.onisep.fr/http/redirection/etablissement/slug/ENS.11949;Lycée;Public;LYCEE ENSEIGNT GENERAL ET TECHNOLOGIQUE;01 42 02 06 36;ce.0750711R@ac-paris.fr;http://lyc-jacquard.ac-paris.fr;48.88112074883683;2.377938887612686;FOR.8473;cyber;5;BTS;brevet de technicien supérieur;BTS cybersécurité, informatique et réseaux, électronique option B électronique et réseaux;CIEL ER;37391;32025521;http://www.onisep.fr/http/redirection/formation/slug/FOR.8473;#ff3d3d
0781845G;Lycée Jules Ferry;7 rue Joseph Bouyssel;BP 15;;78700;Conflans-Sainte-Honorine;Yvelines;Versailles;https://www.onisep.fr/http/redirection/etablissement/slug/ENS.12162;Lycée;Public;LYCEE ENSEIGNT GENERAL ET TECHNOLOGIQUE;01 34 90 03 70;ce.0781845g@ac-versailles.fr;http://www.lyc-ferry-conflans.ac-versailles.fr/;48.99873348727009;2.0961143760236256;FOR.5337;cyber;5;BTS;brevet de technicien supérieur;BTS services informatiques aux organisations option B : solutions logicielles et applications métiers;BTS SIO SLAM;35340;32032614;http://www.onisep.fr/http/redirection/formation/slug/FOR.;#ff3d3d
0781845G;Lycée Jules Ferry;7 rue Joseph Bouyssel;BP 15;;78700;Conflans-Sainte-Honorine;Yvelines;Versailles;https://www.onisep.fr/http/redirection/etablissement/slug/ENS.12162;Lycée;Public;LYCEE ENSEIGNT GENERAL ET TECHNOLOGIQUE;01 34 90 03 70;ce.0781845g@ac-versailles.fr;http://www.lyc-ferry-conflans.ac-versailles.fr/;48.99873348727009;2.0961143760236256;FOR.5987;cyber;5;BTS;brevet de technicien supérieur;BTS services informatiques aux organisations option A : solutions d'infrastructure, systèmes et réseaux;BTS SIO SISR;35340;32032613;http://www.onisep.fr/http/redirection/formation/slug/FOR.5987;#ff3d3d
0751708Z;Lycée Louis Armand;321 rue Lecourbe;;;75015;Paris;Paris;Paris;https://www.onisep.fr/http/redirection/etablissement/slug/ENS.2199;Lycée;Public;LYCEE POLYVALENT;01 45 57 51 50;secretariat.louisarmand@gmail.com;http://lyc-louis-armand.ac-paris.fr;48.8372023151473;2.2852784745012107;FOR.5337;cyber;5;BTS;brevet de technicien supérieur;BTS services informatiques aux organisations option B : solutions logicielles et applications métiers;BTS SIO SLAM;35340;32032614;http://www.onisep.fr/http/redirection/formation/slug/FOR.;#ff3d3d
0751708Z;Lycée Louis Armand;321 rue Lecourbe;;;75015;Paris;Paris;Paris;https://www.onisep.fr/http/redirection/etablissement/slug/ENS.2199;Lycée;Public;LYCEE POLYVALENT;01 45 57 51 50;secretariat.louisarmand@gmail.com;http://lyc-louis-armand.ac-paris.fr;48.8372023151473;2.2852784745012107;FOR.8473;cyber;5;BTS;brevet de technicien supérieur;BTS cybersécurité, informatique et réseaux, électronique option B électronique et réseaux;CIEL ER;37391;32025521;http://www.onisep.fr/http/redirection/formation/slug/FOR.8473;#ff3d3d
0751708Z;Lycée Louis Armand;321 rue Lecourbe;;;75015;Paris;Paris;Paris;https://www.onisep.fr/http/redirection/etablissement/slug/ENS.2199;Lycée;Public;LYCEE POLYVALENT;01 45 57 51 50;secretariat.louisarmand@gmail.com;http://lyc-louis-armand.ac-paris.fr;48.8372023151473;2.2852784745012107;FOR.5987;cyber;5;BTS;brevet de technicien supérieur;BTS services informatiques aux organisations option A : solutions d'infrastructure, systèmes et réseaux;BTS SIO SISR;35340;32032613;http://www.onisep.fr/http/redirection/formation/slug/FOR.5987;#ff3d3d
0951763A;Lycée Louis Jouvet;26 rue de Saint-Prix;;;95150;Taverny;Val-d'Oise;Versailles;https://www.onisep.fr/http/redirection/etablissement/slug/ENS.9831;Lycée;Public;LYCEE POLYVALENT;01 34 18 41 20;0951763a@ac-versailles.fr;http://www.lyc-jouvet-taverny.ac-versailles.fr;49.019492050995524;2.2086035848039076;FOR.8472;cyber;5;BTS;brevet de technicien supérieur;BTS cybersécurité, informatique et réseaux, électronique option A informatique et réseaux;CIEL IR;37391;32020116;http://www.onisep.fr/http/redirection/formation/slug/FOR.8472;#ff3d3d
0931796X;Lycée général privé ORT Daniel Mayer;39-45 rue Raspail;;;93107;Montreuil;Seine-Saint-Denis;Créteil;https://www.onisep.fr/http/redirection/etablissement/slug/ENS.7849;Lycée;Privé;LYCEE ENSEIGNT GENERAL ET TECHNOLOGIQUE;01 49 88 46 50;ce.0931796X@ac-creteil.fr;https://ort-france.fr/montreuil;48.85283000352504;2.4250052027638027;FOR.5337;cyber;5;BTS;brevet de technicien supérieur;BTS services informatiques aux organisations option B : solutions logicielles et applications métiers;BTS SIO SLAM;35340;32032614;http://www.onisep.fr/http/redirection/formation/slug/FOR.;#ff3d3d
0931796X;Lycée général privé ORT Daniel Mayer;39-45 rue Raspail;;;93107;Montreuil;Seine-Saint-Denis;Créteil;https://www.onisep.fr/http/redirection/etablissement/slug/ENS.7849;Lycée;Privé;LYCEE ENSEIGNT GENERAL ET TECHNOLOGIQUE;01 49 88 46 50;ce.0931796X@ac-creteil.fr;https://ort-france.fr/montreuil;48.85283000352504;2.4250052027638027;FOR.5987;cyber;5;BTS;brevet de technicien supérieur;BTS services informatiques aux organisations option A : solutions d'infrastructure, systèmes et réseaux;BTS SIO SISR;35340;32032613;http://www.onisep.fr/http/redirection/formation/slug/FOR.5987;#ff3d3d
0930834B;Lycée Voillaume;136 rue de Mitry;;;93600;Aulnay-sous-Bois;Seine-Saint-Denis;Créteil;https://www.onisep.fr/http/redirection/etablissement/slug/ENS.10037;Lycée;Public;LYCEE ENSEIGNT GENERAL ET TECHNOLOGIQUE;01 48 19 31 93;ce.0930834B@ac-creteil.fr;http://www.lyceevoillaume.net;48.94454426421222;2.5082514034395587;FOR.5337;cyber;5;BTS;brevet de technicien supérieur;BTS services informatiques aux organisations option B : solutions logicielles et applications métiers;BTS SIO SLAM;35340;32032614;http://www.onisep.fr/http/redirection/formation/slug/FOR.;#ff3d3d
0930834B;Lycée Voillaume;136 rue de Mitry;;;93600;Aulnay-sous-Bois;Seine-Saint-Denis;Créteil;https://www.onisep.fr/http/redirection/etablissement/slug/ENS.10037;Lycée;Public;LYCEE ENSEIGNT GENERAL ET TECHNOLOGIQUE;01 48 19 31 93;ce.0930834B@ac-creteil.fr;http://www.lyceevoillaume.net;48.94454426421222;2.5082514034395587;FOR.5987;cyber;5;BTS;brevet de technicien supérieur;BTS services informatiques aux organisations option A : solutions d'infrastructure, systèmes et réseaux;BTS SIO SISR;35340;32032613;http://www.onisep.fr/http/redirection/formation/slug/FOR.5987;#ff3d3d
0942355Z;Lycée professionnel de l'ensemble Sainte-Marie;5-6 rue de l'Eglise;;;94340;Joinville-le-Pont;Val-de-Marne;Créteil;https://www.onisep.fr/http/redirection/etablissement/slug/ENS.1926;Lycée;Privé;LYCEE PROFESSIONNEL;01 55 12 37 10;lycee@ltpschuman.org;http://www.ensemblesaintemarie.fr/;48.81938737798161;2.4661533871519725;FOR.5337;cyber;5;BTS;brevet de technicien supérieur;BTS services informatiques aux organisations option B : solutions logicielles et applications métiers;BTS SIO SLAM;35340;32032614;http://www.onisep.fr/http/redirection/formation/slug/FOR.;#ff3d3d
0942355Z;Lycée professionnel de l'ensemble Sainte-Marie;5-6 rue de l'Eglise;;;94340;Joinville-le-Pont;Val-de-Marne;Créteil;https://www.onisep.fr/http/redirection/etablissement/slug/ENS.1926;Lycée;Privé;LYCEE PROFESSIONNEL;01 55 12 37 10;lycee@ltpschuman.org;http://www.ensemblesaintemarie.fr/;48.81938737798161;2.4661533871519725;FOR.5987;cyber;5;BTS;brevet de technicien supérieur;BTS services informatiques aux organisations option A : solutions d'infrastructure, systèmes et réseaux;BTS SIO SISR;35340;32032613;http://www.onisep.fr/http/redirection/formation/slug/FOR.5987;#ff3d3d
0771940R;Lycée polyvalent Simone Veil;1 avenue Pierre Mendès France;BP 14;;77186;Noisiel;Seine-et-Marne;Créteil;https://www.onisep.fr/http/redirection/etablissement/slug/ENS.1424;Lycée;Public;LYCEE POLYVALENT;01 60 37 53 00;lyceesdenoisiel@leslyceesdenoisiel.net;https://lyceesimoneveil.fr/;48.8407880173237;2.6163182274782533;FOR.8473;cyber;5;BTS;brevet de technicien supérieur;BTS cybersécurité, informatique et réseaux, électronique option B électronique et réseaux;CIEL ER;37391;32025521;http://www.onisep.fr/http/redirection/formation/slug/FOR.8473;#ff3d3d
0911961M;Lycée Edmond Michelet;2 boulevard Abel Cornaton;;;91294;Arpajon;Essonne;Versailles;https://www.onisep.fr/http/redirection/etablissement/slug/ENS.16370;Lycée;Public;LYCEE ENSEIGNT GENERAL ET TECHNOLOGIQUE;01 60 83 97 63;0911961m@ac-versailles.fr;http://www.lyc-michelet-arpajon.ac-versailles.fr;48.58644961019987;2.246926963990742;FOR.8472;cyber;5;BTS;brevet de technicien supérieur;BTS cybersécurité, informatique et réseaux, électronique option A informatique et réseaux;CIEL IR;37391;32020116;http://www.onisep.fr/http/redirection/formation/slug/FOR.8472;#ff3d3d
0921484N;Lycée Montalembert;238 boulevard Saint-Denis;;;92400;Courbevoie;Hauts-de-Seine;Versailles;https://www.onisep.fr/http/redirection/etablissement/slug/ENS.11037;Lycée;Privé;LYCEE POLYVALENT;01 46 67 13 00;lycee@montalembert-courbevoie.fr;http://www.montalembert-courbevoie.com;48.90302861967005;2.2757668561162783;FOR.5987;cyber;5;BTS;brevet de technicien supérieur;BTS services informatiques aux organisations option A : solutions d'infrastructure, systèmes et réseaux;BTS SIO SISR;35340;32032613;http://www.onisep.fr/http/redirection/formation/slug/FOR.5987;#ff3d3d
